Timestamp,Sender,Recipient,App Name,Message Text
2025-02-17 00:54:07,+916541254930,+918723361135,Telegram,Transfer  to this wallet address: 3J98t1WpEZ73CNmQviecrnyiWrnqRhWNLy
2023-03-18 10:44:26,+919844291590,+918590296389,Telegram,Let's meet tomorrow at the cafe.
2024-04-01 10:38:05,+919660109262,+919263238687,Messenger,Thanks for the help earlier.
2024-07-03 04:18:42,+918510672617,+916612468365,WeChat,Let's meet tomorrow at the cafe.
2023-10-26 02:19:46,+916253570104,+916459087026,WeChat,Call me when you are free.
2023-10-23 02:38:46,+919087940365,+916334328971,Messenger,See you at the usual place.
2023-02-10 13:27:38,+918827053808,+918409688047,Messenger,See you at the usual place.
2024-11-20 20:49:09,+917180815479,+919205068477,WeChat,See you at the usual place.
2023-03-18 16:25:49,+917862552743,+916221467869,WhatsApp,Call me when you are free.
2023-08-28 20:47:35,+917323987957,+919075035902,Telegram,Use this channel for the foreign transfer. transfer
2024-07-25 06:47:58,+919317458042,+919059454021,WhatsApp,Happy birthday! Have a great day.
2024-11-15 07:36:25,+919236374602,+916477634049,Telegram,Are you free this weekend?
2024-08-21 14:08:02,+917170975283,+919160090888,WeChat,See you at the usual place.
2024-07-31 09:36:10,+918996694363,+917901237050,WhatsApp,We routed money through a foreign intermediary. transfer
2023-05-07 10:29:28,+916796158866,+916832462986,WeChat,Split the money and send half via other wallet.
2023-07-13 02:57:23,+917597963727,+916479518794,Signal,Can you review the code I pushed?
2024-05-08 15:29:02,+917755674562,+918635604906,Signal,Call me when you are free.
2023-02-26 17:51:40,+918122421267,+919897275004,Telegram,See you at the usual place.
2024-12-03 17:07:09,+916200561436,+919505929945,Messenger,See you at the usual place.
2023-03-30 12:51:03,+918836734715,+919320176638,WhatsApp,Confirm the transfer and erase the logs. urgent
2025-04-01 01:34:16,+919112651853,+916366986605,Signal,"Need to move the money, send instructions. foreign"
2023-02-27 00:13:23,+919072377187,+918382008000,Signal,Did you get the meeting invite?
2024-02-24 05:10:42,+919614491587,+918915983573,Telegram,Send the document when ready.
2024-03-23 20:26:30,+916702411975,+916699029413,Messenger,Send the document when ready.
2025-03-06 18:32:21,+919510636237,+919647703410,Telegram,Thanks for the help earlier.
2024-04-17 10:35:29,+918985957867,+917797249337,WhatsApp,Thanks for the help earlier.
2024-07-24 11:35:58,+919949128935,+916010497054,Messenger,Is the foreign account ready for transfer? foreign
2024-05-25 01:56:49,+916149867106,+919009450028,Telegram,Call me when you are free.
2023-04-16 13:30:30,+916461994121,+918702772448,Telegram,Send the document when ready.
2024-03-28 16:49:21,+917352276088,+919592010910,WeChat,Thanks for the help earlier.
2025-09-06 05:00:17,+919742715983,+916573334006,WhatsApp,Use this channel for the foreign transfer.
2023-04-24 19:19:41,+916123127355,+918565399845,Telegram,Use this channel for the foreign transfer. transfer
2024-11-18 01:53:39,+916014265824,+917648641593,Messenger,Received payment — confirm transfer of money. transfer urgent
2023-01-08 07:46:40,+919615848299,+918736091249,Messenger,Call me when you are free.
2024-01-12 19:15:25,+916233250944,+916426481158,Signal,Split the money and send half via other wallet.
2025-01-17 09:13:39,+916885161912,+918840470386,Telegram,Is the foreign account ready for transfer? money urgent
2023-11-10 00:08:51,+918199931255,+916045257880,Signal,Is the foreign account ready for transfer? money urgent
2023-07-28 00:14:00,+918586885356,+916618431984,Telegram,Confirm the transfer and erase the logs. foreign urgent
2023-01-25 14:17:08,+918221900880,+919572358811,Signal,Did you get the meeting invite?
2024-03-24 04:27:22,+917380497969,+917657386881,WhatsApp,Send the document when ready.
2025-04-16 04:00:30,+917069452700,+918802163026,Messenger,Did you get the meeting invite?
2023-02-09 11:04:45,+917985182581,+917811204486,WhatsApp,Did you get the meeting invite?
2023-05-14 13:09:57,+916905389260,+917656220931,Messenger,I'll bring the files tonight.
2024-02-16 23:37:13,+917365067432,+917097093179,WeChat,Split the money and send half via other wallet. foreign
2025-03-11 03:44:04,+919851116942,+916398893169,WeChat,Did you get the meeting invite?
2023-10-11 23:35:37,+919456872844,+919711432475,Messenger,Use this channel for the foreign transfer.
2024-03-20 06:22:46,+919143905225,+916326922627,WhatsApp,Are you free this weekend?
2024-09-25 22:24:29,+917804662562,+917171362100,Telegram,Let's meet tomorrow at the cafe.
2025-08-23 19:25:45,+918988243627,+917078885381,Telegram,Can you review the code I pushed?
2024-12-31 13:24:14,+919490318995,+919168770451,WeChat,Transfer  to this wallet address: 3J98t1WpEZ73CNmQviecrnyiWrnqRhWNLy
2023-07-08 18:01:51,+918915020814,+918201271170,Telegram,Call me when you are free.
2025-06-16 16:06:39,+916805792063,+917479390584,WhatsApp,Happy birthday! Have a great day.
2023-04-09 18:38:19,+916811145166,+918034238373,Telegram,Happy birthday! Have a great day.
2024-10-01 03:54:29,+918757901040,+916071589118,WeChat,Can you review the code I pushed?
2023-08-08 13:45:38,+916202559714,+916341892446,Telegram,Happy birthday! Have a great day.
2023-10-17 11:47:51,+917215317474,+917690258256,Telegram,Thanks for the help earlier.
2023-09-18 14:32:30,+917923232424,+917714954034,Messenger,Confirm the transfer and erase the logs.
2024-10-30 18:24:21,+917554914900,+919774517275,Messenger,Call me when you are free.
2023-11-26 02:45:30,+917549850964,+917469168446,WeChat,Can you review the code I pushed?
2023-03-24 18:26:01,+918441304230,+919815983752,Messenger,Did you get the meeting invite?
2023-04-02 23:13:51,+918311804600,+918191844850,Telegram,Can you review the code I pushed?
2025-04-17 12:31:54,+916984032715,+917502067441,Signal,See you at the usual place.
2024-12-18 08:42:39,+919282903114,+916640089955,Messenger,Use this channel for the foreign transfer. foreign
2023-01-21 06:00:39,+918652727520,+916131768660,WhatsApp,Is the foreign account ready for transfer? urgent
2023-12-17 23:49:32,+916401755163,+918964169896,Telegram,Received payment — confirm transfer of money.
2025-03-13 07:15:28,+917198159809,+919089193521,WhatsApp,Use this channel for the foreign transfer. money
2023-04-11 14:22:33,+917576063336,+919490357396,WeChat,Can you review the code I pushed?
2023-06-11 14:38:52,+916869639011,+916113030247,Signal,I'll bring the files tonight.
2024-10-04 10:43:07,+917204086848,+918406575005,WeChat,Send the document when ready.
2024-04-22 18:12:37,+917902866728,+916049939964,Signal,Let's meet tomorrow at the cafe.
2025-08-01 20:30:03,+919182174196,+918530274183,WhatsApp,Are you free this weekend?
2023-08-19 03:17:22,+918164385946,+916715425150,WeChat,Happy birthday! Have a great day.
2023-01-08 21:47:22,+917295084930,+917797767653,Telegram,Are you free this weekend?
2023-11-18 22:33:46,+916848900262,+917909405588,Telegram,Are you free this weekend?
2025-06-28 23:24:54,+919480220022,+917906090591,Signal,Can you review the code I pushed?
2024-02-11 22:58:14,+916492636475,+918824383089,WeChat,See you at the usual place.
2024-07-06 22:53:15,+918692691025,+916061515540,WeChat,Send the document when ready.
2025-05-12 02:46:35,+919908886669,+917274151258,Telegram,See you at the usual place.
2025-02-18 06:40:52,+918445326055,+917187454240,Signal,Can you review the code I pushed?
2024-05-27 11:17:39,+918559793292,+919046791529,Telegram,Let's meet tomorrow at the cafe.
2024-10-27 04:31:50,+918598630655,+918483175663,WeChat,See you at the usual place.
2024-08-28 11:19:41,+918047869304,+916398136544,WeChat,Are you free this weekend?
2025-03-03 13:42:05,+918675705165,+917316439640,Telegram,Can you review the code I pushed?
2025-06-05 18:13:37,+919026557936,+919460377053,WeChat,See you at the usual place.
2024-03-24 23:33:57,+918955596810,+917905719713,Signal,Can you review the code I pushed?
2024-08-04 11:46:57,+916220581487,+917356844788,Messenger,Mentioned the darknet contact for transfer.
2024-02-01 16:18:44,+919077288053,+917196081364,Messenger,Is the foreign account ready for transfer? money urgent
2024-11-10 07:43:41,+916723840276,+918788605465,Messenger,Are you free this weekend?
2023-10-01 08:17:12,+917601651746,+917419340007,WeChat,I'll bring the files tonight.
2024-02-14 01:51:45,+919062016998,+918697096514,Messenger,Is the foreign account ready for transfer? transfer
2025-02-04 02:01:21,+917135334729,+917339379907,Telegram,Call me when you are free.
2023-04-07 23:44:42,+918421832207,+916843227485,WhatsApp,Keep transfer details off-record.
2025-06-17 16:15:08,+919134790821,+916136881445,WeChat,Send the document when ready.
2023-06-07 11:29:14,+919188763332,+917054361525,Telegram,Can you review the code I pushed?
2024-10-07 11:18:10,+919755502471,+918168369998,Messenger,Happy birthday! Have a great day.
2024-05-19 23:57:39,+916356087798,+917930753473,Telegram,Happy birthday! Have a great day.
2023-12-13 14:34:45,+919344049060,+918934816335,Signal,Call me when you are free.
2024-04-11 04:50:59,+916717277335,+917330465636,WeChat,Are you free this weekend?
2025-05-30 16:19:19,+919814856924,+918827944631,Telegram,Send the document when ready.
2023-09-12 07:38:31,+918148742742,+917057772818,WeChat,We routed money through a foreign intermediary.
2024-03-03 14:17:56,+917634693874,+916495792955,Signal,Use this channel for the foreign transfer. foreign
2023-11-04 08:27:02,+918103553194,+919125363884,Telegram,Let's meet tomorrow at the cafe.
2023-02-18 23:22:49,+916488194225,+918207597138,Telegram,See you at the usual place.
2023-04-04 09:52:41,+919022167840,+919862902793,WeChat,Received payment — confirm transfer of money. transfer
2025-02-13 19:09:24,+918930670376,+918961000854,Messenger,"Need to move the money, send instructions. money"
2025-02-10 04:27:12,+919005596500,+916410460231,Messenger,Call me when you are free.
2023-05-23 18:49:28,+918382476100,+917723138854,Messenger,Are you free this weekend?
2024-05-22 23:23:45,+919166714682,+916268122135,WhatsApp,Received payment — confirm transfer of money. urgent
2024-08-23 20:21:35,+917193722497,+917215839138,WhatsApp,I'll bring the files tonight.
2024-10-21 15:28:34,+917907886757,+917304466623,Telegram,Did you get the meeting invite?
2023-08-05 14:42:27,+916223920089,+917186687355,Messenger,Is the foreign account ready for transfer? foreign
2023-10-01 21:11:14,+919744163455,+917553962898,Signal,Are you free this weekend?
2025-05-29 02:08:30,+916664602476,+916157424191,Messenger,Can you review the code I pushed?
2025-07-19 17:13:47,+919702399582,+917824505535,Signal,Split the money and send half via other wallet.
2024-12-01 22:54:57,+918371455029,+918950423835,Telegram,See you at the usual place.
2025-07-06 17:58:31,+916754293582,+917589842144,Signal,Can you review the code I pushed?
2024-12-03 22:13:12,+916012070530,+919782311262,Telegram,Let's meet tomorrow at the cafe.
2025-05-20 15:56:21,+917548402399,+917202373910,Messenger,Did you get the meeting invite?
2024-04-16 06:28:47,+916364459486,+916687386259,Telegram,Did you get the meeting invite?
2023-10-15 07:34:35,+917929780311,+917794743154,Signal,Can you review the code I pushed?
2023-09-23 23:05:01,+917095706256,+916427064490,WeChat,Can you review the code I pushed?
2023-08-24 12:07:37,+919340679186,+918233342679,Messenger,Did you get the meeting invite?
2024-05-27 10:05:10,+918605264511,+918087884600,WhatsApp,Confirm the transfer and erase the logs.
2025-06-03 21:27:52,+919654050999,+919302983980,Signal,Are you free this weekend?
2025-02-03 21:36:16,+918674246170,+918948287686,WeChat,Call me when you are free.
2023-10-20 09:00:59,+918782879721,+916278132650,WeChat,"Need to move the money, send instructions. money"
2023-12-13 19:12:39,+916876244738,+917834279802,Messenger,Happy birthday! Have a great day.
2024-07-20 01:39:38,+919850723544,+918128541333,WeChat,I'll bring the files tonight.
2025-05-30 14:10:27,+917851561597,+917098154407,WhatsApp,"Need to move the money, send instructions. transfer"
2023-10-17 02:25:15,+916908672729,+917047877311,WeChat,Did you get the meeting invite?
2023-10-17 22:47:40,+918140673356,+916468642870,Telegram,See you at the usual place.
2024-08-11 23:31:09,+918846701401,+917587101556,Telegram,Can you review the code I pushed?
2025-04-12 02:50:14,+916548123604,+916968328391,WeChat,Use this channel for the foreign transfer.
2023-02-11 13:48:18,+919644643714,+916463224274,WhatsApp,Let's meet tomorrow at the cafe.
2023-01-05 22:31:49,+917318659688,+916791707967,Signal,We routed money through a foreign intermediary.
2025-05-27 00:12:08,+919255462355,+918665465259,Telegram,Use this channel for the foreign transfer. money
2024-03-24 14:50:59,+918772912535,+918701204053,WhatsApp,I'll bring the files tonight.
2023-07-31 16:08:07,+919234984456,+919463931774,Telegram,See you at the usual place.
2024-04-14 11:20:54,+919394619673,+918686949625,Signal,Let's meet tomorrow at the cafe.
2024-01-04 23:29:16,+917861533277,+919187818896,Signal,Send the document when ready.
2024-11-13 22:00:08,+917964838326,+917780634802,Messenger,Let's meet tomorrow at the cafe.
2023-03-13 21:35:19,+916797634211,+918292787496,Telegram,Are you free this weekend?
2024-03-03 04:10:29,+917457765590,+919122373935,Signal,Call me when you are free.
2024-08-02 09:51:32,+919975155220,+919179060741,Signal,Split the money and send half via other wallet. foreign
2023-05-11 18:32:31,+919013023416,+918458709434,WeChat,Send the document when ready.
2023-08-29 06:21:32,+916367221946,+916710429318,WeChat,Call me when you are free.
2023-10-06 16:45:52,+916057059874,+918428754973,WeChat,Received payment — confirm transfer of money. foreign
2023-11-10 03:59:31,+919962554730,+918361415024,WhatsApp,See you at the usual place.
2023-06-15 18:15:12,+919231832726,+919586624392,WhatsApp,Can you review the code I pushed?
2023-11-23 14:30:26,+916698544949,+917086652871,WhatsApp,Are you free this weekend?
2024-08-22 15:52:09,+919235213140,+919641621650,WeChat,I'll bring the files tonight.
2023-04-02 05:27:49,+919064628906,+918356124131,Telegram,Confirm the transfer and erase the logs. money
2025-07-22 14:02:32,+918810361049,+918706417080,Signal,Are you free this weekend?
2023-12-27 18:45:50,+919511377287,+917316460133,Messenger,See you at the usual place.
2023-06-10 08:08:48,+917302025255,+918440195725,Telegram,See you at the usual place.
2023-05-17 05:35:30,+919622825035,+918669338617,WeChat,Mentioned the darknet contact for transfer.
2023-03-03 01:45:55,+918401091817,+917068542074,WeChat,Use this channel for the foreign transfer.
2024-03-20 05:43:34,+919976889182,+919526910056,Messenger,See you at the usual place.
2023-07-28 09:35:13,+916423092237,+916680986288,Telegram,Are you free this weekend?
2023-07-10 00:02:46,+918407675605,+919469645661,Signal,Are you free this weekend?
2023-01-10 02:05:14,+919943988529,+918403937317,Signal,Let's meet tomorrow at the cafe.
2024-06-07 17:58:48,+916291311291,+918597516685,Messenger,Mentioned the darknet contact for transfer. foreign urgent
2025-08-07 16:44:52,+917133757956,+919060584375,Signal,Is the foreign account ready for transfer? transfer
2024-10-29 02:10:59,+919483665857,+918840091367,Messenger,Call me when you are free.
2025-02-28 13:34:58,+917729109283,+919942461519,Messenger,Are you free this weekend?
2023-04-13 10:42:18,+919626162391,+917965522898,Messenger,Thanks for the help earlier.
2024-07-25 15:16:18,+919923841029,+918320146969,WeChat,Happy birthday! Have a great day.
2024-04-02 03:20:43,+919733885551,+919210291358,Signal,I'll bring the files tonight.
2023-04-16 05:52:25,+918844006192,+919779619842,WeChat,See you at the usual place.
2023-08-12 06:52:01,+919177377870,+918830872796,WeChat,Thanks for the help earlier.
2024-08-05 09:09:35,+918117989830,+918487266238,Signal,Are you free this weekend?
2024-11-28 20:33:01,+918987639310,+919307428322,WhatsApp,Let's meet tomorrow at the cafe.
2023-01-02 02:22:25,+919254975300,+918479233248,WhatsApp,Call me when you are free.
2023-06-05 00:24:50,+918779813793,+917769280020,Messenger,Can you review the code I pushed?
2023-04-16 12:06:09,+917120376517,+916126575179,Telegram,Keep transfer details off-record.
2024-11-22 11:02:38,+916211824461,+916261520332,WhatsApp,Are you free this weekend?
2025-08-20 04:50:34,+916477157146,+919340359259,Signal,Did you get the meeting invite?
2025-05-07 19:20:22,+918029459738,+919997873904,Signal,Send the document when ready.
2023-08-21 09:25:14,+918507425951,+916540788016,WhatsApp,See you at the usual place.
2023-03-26 10:23:01,+917021731544,+917121897899,Messenger,"Need to move the money, send instructions."
2023-08-01 18:59:22,+918985437460,+917296568567,WeChat,Send the document when ready.
2025-01-19 17:13:24,+917375108776,+919458939408,Telegram,See you at the usual place.
2024-08-04 00:56:38,+918607260921,+919295973687,WhatsApp,Did you get the meeting invite?
2025-09-16 12:37:17,+917842270103,+919376005570,Telegram,See you at the usual place.
2024-03-24 00:20:22,+917657046763,+919739015135,Telegram,Send the document when ready.
2024-01-22 06:31:18,+916244634404,+916850345414,Telegram,Thanks for the help earlier.
2025-07-20 23:55:48,+918574606213,+917414523485,WeChat,Thanks for the help earlier.
2023-03-10 01:33:28,+918368425640,+918679496442,Telegram,Can you review the code I pushed?
2023-12-15 00:28:26,+917562268572,+916749028184,Telegram,Thanks for the help earlier.
2023-04-06 08:05:48,+916185898995,+919137542361,Messenger,Are you free this weekend?
2024-03-06 18:10:38,+919623316181,+918554501648,Telegram,Let's meet tomorrow at the cafe.
2025-08-29 07:51:40,+916305442194,+916585909962,Messenger,Keep transfer details off-record.
2023-01-11 13:31:45,+918890322194,+917356994636,Messenger,Happy birthday! Have a great day.
2024-02-23 19:03:37,+917867027434,+919299957089,Signal,Split the money and send half via other wallet. transfer
2025-05-03 13:53:15,+918266045097,+916890466113,Signal,Thanks for the help earlier.
2024-10-01 10:02:19,+918289723516,+919341927751,Signal,Happy birthday! Have a great day.
2025-02-14 18:47:49,+919108178996,+918593486499,Signal,Happy birthday! Have a great day.
2023-09-11 06:32:22,+917081254497,+917411804944,Telegram,Confirm the transfer and erase the logs. foreign
2023-04-02 04:22:53,+916061767526,+919914796432,Signal,Can you review the code I pushed?
2024-12-29 01:53:42,+916923095008,+916540390043,WhatsApp,See you at the usual place.
2023-06-01 10:28:26,+917372843743,+919927775022,Signal,Send the document when ready.
2023-05-25 07:54:59,+919162620546,+917870509170,Signal,Did you get the meeting invite?
2023-05-09 00:46:27,+917716686123,+918118346017,Signal,I'll bring the files tonight.
2024-05-13 14:31:22,+918960416123,+917609133194,Telegram,Let's meet tomorrow at the cafe.
2023-06-07 15:43:24,+919687864583,+919631067899,Messenger,Confirm the transfer and erase the logs. urgent
2023-03-15 04:11:10,+917481254735,+916608922724,WhatsApp,Thanks for the help earlier.
2024-05-08 02:29:56,+919525493542,+916940734098,Messenger,Transfer  to this wallet address: 1A1zP1eP5QGefi2DMPTfTL5SLmv7DivfNa transfer
2024-11-13 05:23:41,+918216032127,+919230966435,WhatsApp,Let's meet tomorrow at the cafe.
2023-09-12 08:21:04,+918181070248,+916054007786,Messenger,Call me when you are free.
2024-09-21 13:28:43,+917992947381,+917049960861,Messenger,See you at the usual place.
2023-12-17 04:33:02,+917758593382,+918026352496,Telegram,Did you get the meeting invite?
2023-11-22 21:33:47,+919304240155,+916385972119,Telegram,Can you review the code I pushed?
2024-06-01 20:04:51,+917898521811,+917816332658,Signal,Happy birthday! Have a great day.
2023-12-17 15:43:56,+916267699085,+918105551336,Telegram,Did you get the meeting invite?
2023-07-19 11:14:54,+917410421452,+916915643137,Signal,Did you get the meeting invite?
2023-02-02 14:59:04,+918560802381,+917933849791,WhatsApp,Keep transfer details off-record.
2024-11-30 23:38:45,+918414598301,+917070019295,Telegram,Thanks for the help earlier.
2024-05-01 13:45:53,+916196447606,+917370148607,WeChat,I'll bring the files tonight.
2024-04-16 09:47:42,+916696758542,+916738076001,Telegram,"Need to move the money, send instructions."
2023-03-21 14:56:55,+919768548376,+918000386618,Messenger,Are you free this weekend?
2023-11-11 23:26:51,+916085587787,+918466935485,WeChat,Use this channel for the foreign transfer.
2024-05-31 09:16:04,+918350632678,+917144693434,WhatsApp,Can you review the code I pushed?
2023-11-26 22:03:23,+916766333605,+919751909496,WeChat,Use this channel for the foreign transfer. urgent
2025-02-14 13:46:33,+916414273893,+917977601016,Messenger,Call me when you are free.
2024-04-11 06:21:07,+916895730086,+919871390824,Signal,See you at the usual place.
2024-10-07 10:09:37,+916115405912,+918193481764,WeChat,Let's meet tomorrow at the cafe.
2025-07-01 08:24:28,+916901979236,+917814534113,WhatsApp,Let's meet tomorrow at the cafe.
2024-08-15 23:30:02,+919051882458,+917199839291,Telegram,Received payment — confirm transfer of money. urgent
2025-01-24 00:32:31,+917936625052,+917797301482,Telegram,Are you free this weekend?
2024-08-17 03:42:22,+918710020326,+917018309985,Telegram,Send the document when ready.
2023-08-25 20:16:21,+919772833960,+917788756496,Telegram,Thanks for the help earlier.
2023-10-27 01:19:03,+918740828565,+918268631321,WeChat,Did you get the meeting invite?
2023-09-10 10:29:43,+916303802442,+917424041769,Signal,Can you review the code I pushed?
2024-06-24 14:36:28,+918799566909,+919725354903,Telegram,Keep transfer details off-record. money
2025-03-13 12:18:43,+916583446181,+918002704348,Telegram,See you at the usual place.
2024-02-12 08:22:12,+919954221320,+917652894757,Messenger,Did you get the meeting invite?
2024-03-30 01:55:45,+917418576404,+918438957359,Telegram,Send the document when ready.
2023-01-21 03:38:50,+919614301136,+919498139662,WhatsApp,Call me when you are free.
2024-11-27 16:10:41,+918286947876,+919784289235,WeChat,Keep transfer details off-record.
2025-02-09 14:41:56,+916629391248,+916013679300,Messenger,Send the document when ready.
2025-01-29 11:17:55,+916618299390,+916198981998,WhatsApp,Is the foreign account ready for transfer? foreign
2024-09-14 16:40:11,+918256819898,+917421733101,WhatsApp,Let's meet tomorrow at the cafe.
2024-06-04 15:14:52,+918179083682,+919492769911,Telegram,Did you get the meeting invite?
2024-11-02 06:00:03,+916463039880,+919039998152,Messenger,Can you review the code I pushed?
2025-09-13 03:19:59,+917594366361,+919781039809,Telegram,Let's meet tomorrow at the cafe.
2024-10-29 03:27:24,+918940737526,+917768379191,WhatsApp,Thanks for the help earlier.
2024-07-10 20:19:43,+919303077888,+916566194568,Telegram,Happy birthday! Have a great day.
2023-09-25 20:48:19,+917994061216,+916804349050,Messenger,Keep transfer details off-record.
2023-07-16 05:25:34,+916948274164,+917299437891,Telegram,Thanks for the help earlier.
2024-03-16 10:29:29,+917804308992,+916185910076,WeChat,Let's meet tomorrow at the cafe.
2025-04-22 05:42:40,+919675782475,+916789077984,WhatsApp,Did you get the meeting invite?
2024-04-26 22:27:42,+918310889423,+916510275215,Telegram,Are you free this weekend?
2023-08-20 12:49:43,+917671854861,+916004358458,Messenger,Received payment — confirm transfer of money.
2025-05-06 04:36:37,+918466923557,+919997994438,Signal,Happy birthday! Have a great day.
2023-09-29 04:27:27,+918323680859,+916185830142,Signal,Can you review the code I pushed?
2024-11-24 23:25:30,+919153325678,+918959373613,Messenger,I'll bring the files tonight.
2024-12-22 13:11:29,+919895569190,+916337047763,WeChat,Happy birthday! Have a great day.
2023-08-13 21:44:15,+918368161331,+918017316540,WhatsApp,See you at the usual place.
2024-05-05 08:35:17,+919397923899,+919263708169,WeChat,Are you free this weekend?
2024-05-08 02:15:34,+919233513917,+917491309445,WeChat,Thanks for the help earlier.
2023-10-28 20:13:06,+919672791226,+917582316135,Telegram,Can you review the code I pushed?
2024-04-15 03:16:14,+917062707919,+918516042402,WhatsApp,Send the document when ready.
2025-02-11 10:01:12,+916797258798,+918493832798,WhatsApp,Can you review the code I pushed?
2023-01-16 04:04:05,+918752489321,+918199811927,Telegram,Did you get the meeting invite?
2025-01-18 03:31:05,+919332475138,+919032143801,Messenger,Use this channel for the foreign transfer. transfer
2025-07-02 13:15:49,+918283288080,+917397402968,Telegram,Send the document when ready.
2024-07-04 10:18:24,+916308629458,+919465947957,WeChat,Send the document when ready.
2025-09-21 20:30:56,+919397200879,+918776469985,WhatsApp,Call me when you are free.
2025-08-11 19:29:02,+917907232370,+917097793626,Signal,Let's meet tomorrow at the cafe.
2025-01-09 01:15:16,+916882096461,+918477982939,Telegram,Transfer  to this wallet address: 0xde0B295669a9FD93d5F28D9Ec85E40f4cb697BAe money
2024-08-30 02:07:13,+918377197841,+918496049789,Messenger,Call me when you are free.
2023-03-15 19:07:31,+919862615832,+917812468063,WeChat,Are you free this weekend?
2023-11-27 15:32:46,+916085773076,+916355653252,Messenger,"Need to move the money, send instructions."
2025-05-27 16:51:28,+919900253855,+919352470954,Telegram,Let's meet tomorrow at the cafe.
2023-08-31 18:41:28,+918747269941,+918026330253,Signal,Transfer  to this wallet address: 0xde0B295669a9FD93d5F28D9Ec85E40f4cb697BAe
2024-02-03 02:47:46,+917882390817,+918984556749,WhatsApp,Split the money and send half via other wallet. transfer
2025-02-13 08:06:51,+918793129144,+919965397796,Signal,Use this channel for the foreign transfer. money
2024-05-22 13:37:37,+919685593996,+917769455916,WeChat,See you at the usual place.
2024-01-07 19:28:05,+916292074192,+917207834555,WeChat,Let's meet tomorrow at the cafe.
2023-05-01 08:23:27,+919971639056,+919199219381,Messenger,Transfer  to this wallet address: bc1qw508d6qejxtdg4y5r3zarvary0c5xw7kygt080 money urgent
2023-01-27 12:33:55,+916221522584,+919940197070,Signal,Mentioned the darknet contact for transfer. urgent
2025-07-03 12:36:24,+918495438243,+916519954347,WhatsApp,Call me when you are free.
2024-06-04 20:13:15,+917551459682,+919362872296,Messenger,Confirm the transfer and erase the logs. foreign
2024-11-23 03:36:49,+916216313105,+917138722478,Signal,Let's meet tomorrow at the cafe.
2025-05-11 00:27:15,+917591624763,+917851400482,Telegram,See you at the usual place.
2025-06-19 02:32:29,+919656109535,+919437628484,Signal,Keep transfer details off-record.
2023-04-09 02:30:46,+918684967375,+916602388463,WhatsApp,See you at the usual place.
2024-02-20 22:22:51,+917950005065,+917843611810,Telegram,Is the foreign account ready for transfer?
2025-03-10 08:05:41,+916383365444,+919179741006,Telegram,Send the document when ready.
2023-05-29 22:24:52,+919587428066,+918609196220,Telegram,Can you review the code I pushed?
2023-03-14 02:18:26,+916049776944,+917303618021,WhatsApp,Happy birthday! Have a great day.
2024-12-24 02:16:06,+916748462537,+918044105488,WhatsApp,Thanks for the help earlier.
2025-07-28 23:10:53,+917353873161,+916572427645,Signal,See you at the usual place.
2025-01-08 11:16:12,+918946227842,+917750118180,Telegram,Confirm the transfer and erase the logs. transfer urgent
2024-07-17 23:32:35,+918344149953,+918228965740,Telegram,Keep transfer details off-record. foreign urgent
2025-01-28 17:48:44,+919055705426,+918410558461,WeChat,Thanks for the help earlier.
2025-02-17 15:09:40,+918912895509,+917702171360,Signal,Send the document when ready.
2023-10-15 02:24:59,+916577305824,+916684473425,Messenger,Can you review the code I pushed?
2023-02-14 17:56:13,+918785770523,+917283276154,Messenger,Is the foreign account ready for transfer? money
2024-12-12 16:56:41,+916320495668,+916439067774,WeChat,I'll bring the files tonight.
2023-11-09 22:11:08,+916721162811,+919754871541,Messenger,Can you review the code I pushed?
2023-04-17 01:56:12,+917928260999,+917301421095,Messenger,Let's meet tomorrow at the cafe.
2024-06-03 23:53:49,+916231579371,+917658454483,Signal,"Need to move the money, send instructions. money"
2023-02-11 12:52:55,+919706488470,+917966238442,WeChat,See you at the usual place.
2025-07-30 18:01:22,+919545148641,+918984891603,WeChat,Happy birthday! Have a great day.
2023-10-31 09:10:21,+919946542761,+919771004393,Messenger,Happy birthday! Have a great day.
2024-08-31 11:43:09,+917489109145,+917352880976,Messenger,Let's meet tomorrow at the cafe.
2023-06-07 10:43:00,+916204848540,+917904826058,WhatsApp,Thanks for the help earlier.
2023-04-18 00:23:01,+918479646611,+919420632720,WhatsApp,Thanks for the help earlier.
2025-06-11 03:10:52,+919688876226,+918431190932,WeChat,Happy birthday! Have a great day.
2025-03-24 23:42:42,+917226679167,+916568431967,Telegram,Thanks for the help earlier.
2025-07-18 18:39:31,+917472887119,+919216675603,Messenger,See you at the usual place.
2025-02-22 14:21:04,+918988316945,+919683941097,WeChat,I'll bring the files tonight.
2024-02-19 10:06:06,+917925460969,+917031210485,WhatsApp,Send the document when ready.
2023-01-20 07:49:23,+918394869073,+917177032305,Signal,Are you free this weekend?
2023-06-08 10:04:40,+919555710980,+919781827692,Signal,Send the document when ready.
2024-05-09 17:55:36,+916696444303,+918283098604,WeChat,Split the money and send half via other wallet. transfer
2023-06-05 03:38:12,+917702880109,+918849110450,Telegram,Is the foreign account ready for transfer? transfer
2023-07-31 10:37:06,+919632152564,+916012220181,WeChat,See you at the usual place.
2024-03-03 22:24:49,+917295777825,+918339392614,WeChat,See you at the usual place.
2023-04-24 14:40:31,+917213198103,+918307185686,WeChat,Call me when you are free.
2025-09-04 15:20:29,+918102853862,+918779127180,Messenger,Keep transfer details off-record. foreign
2025-02-04 17:49:31,+916346342836,+918723625342,Signal,See you at the usual place.
2025-07-10 16:37:42,+917325937777,+917665220995,WeChat,Use this channel for the foreign transfer. money
2023-05-27 10:41:54,+918310953736,+917561915082,Messenger,Send the document when ready.
2025-05-30 20:55:03,+916173051654,+919497627313,Messenger,Send the document when ready.
2023-04-24 17:33:54,+918794340296,+916837171201,WeChat,Are you free this weekend?
2025-02-11 03:14:49,+918946721033,+916116761967,Signal,Call me when you are free.
2025-01-22 04:14:41,+919528555021,+919082535433,Messenger,Received payment — confirm transfer of money. transfer
2025-05-27 11:09:32,+916429231303,+916417010653,Telegram,Mentioned the darknet contact for transfer. foreign
2023-01-06 10:29:41,+919261585428,+916016378451,Telegram,See you at the usual place.
2024-03-20 03:21:34,+918553910041,+919599337747,WeChat,Send the document when ready.
2024-11-27 04:37:13,+917914802077,+919016198867,Signal,Confirm the transfer and erase the logs.
2024-09-24 04:18:39,+919009593951,+918365775441,WeChat,We routed money through a foreign intermediary. transfer
2024-03-10 00:23:20,+919885873447,+918866510467,Telegram,We routed money through a foreign intermediary. transfer urgent
2023-03-12 14:08:04,+919256934985,+919088456717,Messenger,Call me when you are free.
2023-01-28 03:24:02,+916282202171,+919892210771,WeChat,Did you get the meeting invite?
2024-06-14 06:05:19,+917847549422,+916333500113,WhatsApp,Confirm the transfer and erase the logs. foreign urgent
2024-10-15 08:03:31,+918435560335,+919237207282,WhatsApp,Are you free this weekend?
2023-02-12 14:49:10,+918434610622,+917882741817,Telegram,See you at the usual place.
2023-06-20 11:37:13,+917540592178,+917634239608,Signal,Did you get the meeting invite?
2024-11-19 06:54:20,+919358467503,+919792122567,Signal,Confirm the transfer and erase the logs.
2023-01-03 18:48:52,+919249089427,+916648723357,WhatsApp,Happy birthday! Have a great day.
2023-12-29 18:49:10,+916733710463,+917638303046,WhatsApp,Are you free this weekend?
2024-10-02 09:57:21,+919422128551,+916462984982,Telegram,Send the document when ready.
2025-02-09 07:05:33,+917150730129,+916179982838,WhatsApp,Are you free this weekend?
2023-08-30 23:51:22,+917890919418,+919757179475,WhatsApp,Are you free this weekend?
2024-10-28 00:22:39,+916124533305,+916902434339,Messenger,I'll bring the files tonight.
2023-01-04 13:10:14,+917244736009,+919017424453,WeChat,Thanks for the help earlier.
2025-05-23 03:44:00,+918091910227,+916455314973,Signal,Confirm the transfer and erase the logs.
2024-01-19 17:08:33,+918326639942,+919516105188,Signal,Is the foreign account ready for transfer? transfer
2025-07-24 20:59:25,+917488098604,+919656800462,WhatsApp,"Need to move the money, send instructions. urgent"
2024-06-29 18:18:43,+916418298375,+919865125391,Messenger,Let's meet tomorrow at the cafe.
2025-01-26 14:26:30,+917975047698,+917328373081,WeChat,See you at the usual place.
2024-10-10 22:20:02,+919947251854,+917688734810,Messenger,Thanks for the help earlier.
2025-05-12 01:06:20,+918197891785,+919285460568,Telegram,See you at the usual place.
2024-09-12 19:01:06,+918273795408,+916898684618,Signal,Thanks for the help earlier.
2025-08-14 00:10:54,+918283769386,+917700802784,WhatsApp,See you at the usual place.
2024-07-24 03:39:57,+919122970688,+917708106163,WhatsApp,Happy birthday! Have a great day.
2023-08-17 19:35:56,+917836411772,+916105585201,Telegram,Are you free this weekend?
2024-09-22 23:59:16,+918523595015,+917646236598,Telegram,Keep transfer details off-record. money
2023-06-24 06:43:13,+916890064423,+918238667804,Signal,Happy birthday! Have a great day.
2024-05-24 15:18:43,+919480865519,+916001552404,Signal,Thanks for the help earlier.
2025-02-02 15:44:04,+918182755573,+917460532521,Telegram,Can you review the code I pushed?
2023-01-18 10:26:00,+918515715906,+917622821740,Messenger,Confirm the transfer and erase the logs.
2023-01-28 00:24:43,+919504194390,+916353243081,Telegram,Are you free this weekend?
2023-12-20 08:05:24,+917429091834,+916705606604,Messenger,Happy birthday! Have a great day.
2024-07-19 10:04:55,+916968124196,+919367231199,WeChat,Call me when you are free.
2024-12-04 01:08:30,+918913101592,+916644969843,Messenger,Send the document when ready.
2025-02-22 04:51:47,+919942941857,+919837210157,WhatsApp,We routed money through a foreign intermediary.
2025-01-16 00:11:07,+918565971661,+917093497014,Telegram,Keep transfer details off-record. money
2025-08-04 08:27:05,+917422069413,+919863690420,Messenger,Are you free this weekend?
2023-03-07 01:44:26,+919555879193,+917236629896,Signal,See you at the usual place.
2023-09-11 21:10:34,+918213101076,+919208939341,WhatsApp,Call me when you are free.
2024-10-02 04:55:28,+918280811246,+919158478146,WhatsApp,Did you get the meeting invite?
2024-02-07 21:13:00,+917129094707,+916294468679,Telegram,Thanks for the help earlier.
2023-01-10 19:55:35,+917555266953,+918690319398,Signal,Call me when you are free.
2024-01-13 09:45:07,+918614356356,+919045400900,Telegram,Let's meet tomorrow at the cafe.
2023-07-25 01:26:47,+918394578244,+919073768493,Telegram,I'll bring the files tonight.
2023-05-15 01:38:25,+919831520441,+917325661680,WhatsApp,Call me when you are free.
2025-09-10 03:49:19,+917390455132,+917895888028,WeChat,I'll bring the files tonight.
2023-01-22 12:35:36,+917822319338,+916862881628,Signal,Send the document when ready.
2025-09-24 12:54:48,+918616295892,+919385575214,Telegram,Keep transfer details off-record. transfer
2023-01-04 11:07:44,+916692385319,+919826814487,Messenger,See you at the usual place.
2024-01-22 11:18:36,+917545144200,+916816260292,WhatsApp,I'll bring the files tonight.
2024-11-28 18:19:06,+917725680708,+917319647474,Messenger,Did you get the meeting invite?
2024-12-13 19:06:12,+916031332720,+919225968362,WeChat,Send the document when ready.
2024-09-15 01:56:16,+918425019735,+917582860644,Telegram,Thanks for the help earlier.
2024-03-12 10:51:49,+918538647771,+917942444349,WhatsApp,Happy birthday! Have a great day.
2023-03-10 09:55:51,+919338090224,+917833418371,WeChat,See you at the usual place.
2023-07-24 05:01:56,+917865830567,+919462604856,Telegram,Let's meet tomorrow at the cafe.
2023-01-09 20:29:34,+916662748705,+916462748218,Telegram,Received payment — confirm transfer of money. foreign
2025-02-23 06:35:07,+918202607150,+916704339364,Messenger,Split the money and send half via other wallet. urgent
2023-11-15 04:17:10,+916357605486,+919443266447,WeChat,Are you free this weekend?
2023-03-02 00:03:17,+918419446292,+918222434295,Telegram,I'll bring the files tonight.
2024-11-03 13:02:02,+916533722196,+919754550193,WeChat,Can you review the code I pushed?
2023-08-05 20:56:44,+918785987822,+916175835251,WhatsApp,See you at the usual place.
2025-02-12 02:29:42,+917192383506,+916967762386,WeChat,See you at the usual place.
2023-01-15 22:11:56,+918904906803,+919184268734,Signal,Received payment — confirm transfer of money.
2024-11-02 23:23:21,+919673964703,+916619118961,Telegram,See you at the usual place.
2025-07-03 18:56:36,+918397518535,+919395829500,Signal,Can you review the code I pushed?
2024-11-18 04:27:58,+919423181589,+918973698022,Signal,Use this channel for the foreign transfer.
2025-07-13 22:14:53,+919018201965,+919624752544,WeChat,I'll bring the files tonight.
2025-06-07 09:07:44,+916575485091,+917057662435,Messenger,Can you review the code I pushed?
2024-10-23 08:10:59,+916939403481,+918543036302,WeChat,See you at the usual place.
2024-04-26 08:02:54,+918367685226,+919421738100,Telegram,Thanks for the help earlier.
2025-09-07 23:48:35,+919999866165,+918667465758,WhatsApp,Did you get the meeting invite?
2024-01-13 04:22:02,+919441045291,+918861673724,Signal,Let's meet tomorrow at the cafe.
2025-06-24 10:34:23,+917001462689,+916982438648,Signal,Happy birthday! Have a great day.
2024-01-19 10:48:17,+917845718165,+916361310250,WhatsApp,I'll bring the files tonight.
2024-01-19 08:30:05,+919908507834,+919726597461,WhatsApp,Use this channel for the foreign transfer. transfer
2024-09-02 00:34:37,+918287825187,+919943793330,WeChat,Are you free this weekend?
2025-01-26 17:33:18,+917139763348,+917194570986,WhatsApp,See you at the usual place.
2024-05-07 07:14:15,+919693107860,+918234531987,WhatsApp,Happy birthday! Have a great day.
2024-01-19 19:00:09,+916280805719,+919826914993,Telegram,Can you review the code I pushed?
2024-03-22 11:28:56,+916289424968,+917429361954,Telegram,Can you review the code I pushed?
2025-07-08 13:35:30,+916287375831,+919876534608,WhatsApp,Did you get the meeting invite?
2023-08-02 10:27:28,+916314289300,+916038633920,WeChat,Send the document when ready.
2025-02-16 07:40:54,+918887158730,+916261274278,Telegram,Send the document when ready.
2024-12-29 01:28:48,+919610838768,+917487163552,Messenger,Did you get the meeting invite?
2024-10-12 23:03:43,+917416491387,+916706301560,WeChat,See you at the usual place.
2023-09-10 08:05:23,+918345700050,+917756158085,Signal,Use this channel for the foreign transfer. transfer
2024-08-17 05:32:41,+917016148236,+919438083715,WeChat,Call me when you are free.
2024-03-31 04:03:24,+918766457152,+919190919426,Telegram,Let's meet tomorrow at the cafe.
2024-05-29 19:44:09,+916862327568,+918963496037,Signal,See you at the usual place.
2023-09-18 08:00:55,+916802568694,+917819324346,Signal,Are you free this weekend?
2023-12-16 03:29:23,+918613016697,+918511054943,WeChat,See you at the usual place.
2025-09-04 14:25:13,+916673418511,+916070751046,Signal,Thanks for the help earlier.
2024-10-03 01:12:12,+919744296907,+919459302876,Signal,Let's meet tomorrow at the cafe.
2025-07-07 01:02:32,+919898263425,+917834256419,WhatsApp,Split the money and send half via other wallet.
2023-12-03 07:21:06,+917326504494,+919586301162,Messenger,Thanks for the help earlier.
2023-12-31 19:01:37,+916194665713,+918901455506,Messenger,Are you free this weekend?
2023-06-18 23:17:20,+917104649539,+918077259688,Telegram,Can you review the code I pushed?
2023-03-08 19:41:16,+919374750488,+919683059530,WhatsApp,We routed money through a foreign intermediary.
2023-05-24 05:34:12,+918416608493,+918427665108,Messenger,See you at the usual place.
2023-11-20 20:16:45,+919967921393,+916774895479,WeChat,Thanks for the help earlier.
2024-03-11 13:22:46,+916817733300,+916335448261,Messenger,Is the foreign account ready for transfer?
2024-05-21 07:00:53,+916629282923,+917207317007,Telegram,Send the document when ready.
2024-08-29 15:13:15,+916916961820,+917604343577,Telegram,Can you review the code I pushed?
2024-09-24 00:00:13,+919002069391,+917616582971,Messenger,Send the document when ready.
2024-11-20 02:00:33,+917039571339,+918374753668,WeChat,Split the money and send half via other wallet. money
2025-06-10 20:31:38,+918129149921,+917415744401,Telegram,Thanks for the help earlier.
2023-05-15 18:48:26,+918604167266,+919634542115,Signal,Are you free this weekend?
2023-07-14 10:15:19,+919353841519,+917662100233,WeChat,See you at the usual place.
2024-07-02 06:02:21,+918439110851,+919423082802,WhatsApp,Transfer  to this wallet address: 0xde0B295669a9FD93d5F28D9Ec85E40f4cb697BAe transfer
2024-06-28 21:57:24,+919597722215,+918836722943,WhatsApp,"Need to move the money, send instructions."
2025-04-08 04:04:17,+916524120755,+919560740179,Messenger,Can you review the code I pushed?
2024-07-10 11:44:44,+918488897089,+917273056714,Signal,Send the document when ready.
2023-07-31 00:24:04,+917100552661,+916385152183,Messenger,Is the foreign account ready for transfer? transfer
2025-01-10 19:38:10,+916278417383,+916498216569,WeChat,Mentioned the darknet contact for transfer.
2024-09-22 21:55:36,+918169676485,+919221325734,Messenger,Are you free this weekend?
2023-03-25 21:59:43,+917137583076,+918882580941,WeChat,Let's meet tomorrow at the cafe.
2024-12-22 22:15:58,+916812080763,+918123535730,Telegram,See you at the usual place.
2024-05-28 22:51:14,+919627466709,+916263196234,WeChat,Can you review the code I pushed?
2023-06-21 15:49:00,+916487916080,+917763038549,Signal,Use this channel for the foreign transfer. foreign
2023-12-22 02:39:11,+919553360188,+918556243094,WhatsApp,I'll bring the files tonight.
2024-06-18 03:23:26,+916697414274,+918342292206,WeChat,Keep transfer details off-record.
2023-12-08 21:41:34,+918318762458,+919605108431,Telegram,I'll bring the files tonight.
2024-12-19 13:25:35,+917391886625,+918251844676,WhatsApp,Mentioned the darknet contact for transfer.
2025-04-03 23:08:39,+916038411241,+917070886947,WhatsApp,Mentioned the darknet contact for transfer. urgent
2024-07-13 02:47:24,+919951237787,+917720830113,Signal,Confirm the transfer and erase the logs. foreign
2023-02-08 07:04:40,+918489177256,+917807520619,Messenger,Send the document when ready.
2024-11-03 09:25:43,+918034211460,+918857536203,WeChat,We routed money through a foreign intermediary. money
2025-04-20 06:32:46,+917518389268,+918895464616,WeChat,Did you get the meeting invite?
2023-09-26 09:21:38,+918868232121,+917886389727,Messenger,Can you review the code I pushed?
2025-09-18 05:27:16,+917191932459,+918079635804,WhatsApp,Received payment — confirm transfer of money. urgent
2025-07-14 15:38:49,+919281966963,+917024634734,Signal,I'll bring the files tonight.
2023-12-08 15:37:15,+918418811919,+917131516899,WhatsApp,See you at the usual place.
2023-07-06 19:27:20,+919328200936,+919052366083,WeChat,See you at the usual place.
2023-05-10 03:48:35,+918904020278,+918686942143,Messenger,Let's meet tomorrow at the cafe.
2025-03-03 07:12:28,+916663187822,+918889654070,WeChat,Thanks for the help earlier.
2025-07-28 16:21:08,+919206153725,+916920111943,Messenger,Let's meet tomorrow at the cafe.
2024-12-31 11:49:02,+916073180014,+917371114670,WhatsApp,Call me when you are free.
2024-08-27 17:28:06,+919030635601,+917788274056,WhatsApp,Split the money and send half via other wallet. money
2025-03-21 08:12:10,+919159918856,+917025383880,WhatsApp,Can you review the code I pushed?
2025-05-16 07:05:22,+918899553904,+916465934855,Messenger,Send the document when ready.
2024-05-24 03:39:33,+917999554561,+916476860985,WhatsApp,Happy birthday! Have a great day.
2023-08-29 19:13:28,+918148024454,+919449651159,WhatsApp,I'll bring the files tonight.
2024-02-01 10:53:55,+916906199588,+919662728339,Messenger,See you at the usual place.
2023-11-26 23:47:57,+917570870695,+919574297652,WhatsApp,Let's meet tomorrow at the cafe.
2023-09-30 10:01:24,+916762066913,+916567016369,Telegram,Let's meet tomorrow at the cafe.
2023-01-15 02:32:01,+919005946243,+916031521401,WhatsApp,See you at the usual place.
2023-07-22 19:11:37,+916519506351,+916169274816,Signal,Use this channel for the foreign transfer. money
2025-08-26 06:29:42,+916391700065,+919535747339,WeChat,See you at the usual place.
2025-09-04 09:21:16,+916517131843,+919096642939,Telegram,Received payment — confirm transfer of money. money
2024-12-26 07:38:47,+919410713148,+916830410159,Telegram,Let's meet tomorrow at the cafe.
2025-06-21 14:55:17,+919958006552,+918930050511,WeChat,I'll bring the files tonight.
2025-02-20 13:34:35,+919652115072,+916218903608,WeChat,Are you free this weekend?
2023-03-29 10:33:24,+919807288596,+916804262225,Messenger,Is the foreign account ready for transfer?
2025-02-21 22:34:33,+918648681630,+916249549394,Signal,Received payment — confirm transfer of money. transfer
2023-01-16 19:08:02,+917789368711,+919146859322,Signal,Can you review the code I pushed?
2024-10-26 12:51:02,+918170711879,+919074580877,WeChat,Call me when you are free.
2023-06-09 04:38:41,+919240886107,+917212159507,Telegram,See you at the usual place.
2023-05-31 17:43:55,+916793598729,+918817851970,WhatsApp,See you at the usual place.
2023-09-17 16:16:09,+918862425455,+918011118826,Signal,Is the foreign account ready for transfer? foreign urgent
2025-02-13 06:08:18,+919521066753,+916362448170,Messenger,We routed money through a foreign intermediary. foreign
2023-07-14 21:58:57,+919101417467,+918981269784,Telegram,I'll bring the files tonight.
2024-05-02 16:34:18,+916345117666,+917178207705,Signal,Split the money and send half via other wallet. foreign
2025-03-18 04:35:21,+918306915116,+916389105781,WhatsApp,Let's meet tomorrow at the cafe.
2023-07-31 06:33:40,+917678543124,+919514049402,WhatsApp,See you at the usual place.
2025-02-04 16:31:10,+917672441149,+919031486557,Messenger,See you at the usual place.
2023-03-01 16:53:30,+918611827627,+919982517487,WeChat,I'll bring the files tonight.
2024-05-06 04:19:11,+918694075897,+918580536880,WeChat,I'll bring the files tonight.
2023-10-28 19:36:19,+917805808812,+918515108626,Signal,Call me when you are free.
2025-07-14 04:04:39,+916237354808,+917260920986,Messenger,Can you review the code I pushed?
2023-01-03 12:45:35,+917748926412,+919313394447,Messenger,Mentioned the darknet contact for transfer.
2025-01-13 01:13:14,+916406047854,+917904203558,Telegram,Happy birthday! Have a great day.
2023-01-22 11:09:46,+918670821442,+916264248081,Messenger,Call me when you are free.
2024-10-17 10:41:20,+919306586234,+918393970002,WeChat,Are you free this weekend?
2023-05-25 08:07:45,+919647778911,+917070656809,WhatsApp,Can you review the code I pushed?
2025-01-12 15:48:40,+919676670420,+918433339189,WeChat,Let's meet tomorrow at the cafe.
2025-09-01 08:58:54,+916463395324,+916829409059,Telegram,"Need to move the money, send instructions. transfer"
2024-11-10 09:55:06,+916773871643,+917943740625,WhatsApp,We routed money through a foreign intermediary. foreign urgent
2023-10-06 19:40:46,+917666878690,+919432012163,WhatsApp,Let's meet tomorrow at the cafe.
2024-12-25 14:38:43,+919822899839,+919444333714,Telegram,Mentioned the darknet contact for transfer.
2025-01-15 01:13:36,+918537705895,+917062018364,Signal,Thanks for the help earlier.
2023-06-12 17:11:41,+916828139587,+917940054727,WhatsApp,Send the document when ready.
2023-04-27 03:51:45,+918870153967,+917933532103,Signal,Let's meet tomorrow at the cafe.
2023-03-08 18:05:45,+916186055125,+919498713682,Telegram,See you at the usual place.
2025-06-23 03:50:34,+916649979099,+918420052982,Messenger,Send the document when ready.
2025-02-12 14:44:01,+918252796670,+918650309937,WhatsApp,Use this channel for the foreign transfer. money urgent
2025-01-26 16:16:21,+917080074195,+916433498735,WeChat,Did you get the meeting invite?
2023-08-28 23:51:22,+916585583216,+919308581817,Signal,Thanks for the help earlier.
2023-09-01 16:57:25,+919035700443,+917349799127,WhatsApp,Send the document when ready.
2025-04-13 17:42:44,+919311496367,+918827429158,Messenger,Thanks for the help earlier.
2023-05-08 03:50:33,+916814851883,+916689454794,Signal,Send the document when ready.
2023-04-09 03:39:29,+918109239912,+917598703045,Signal,Thanks for the help earlier.
2023-07-19 00:55:02,+919482499218,+918423875630,Telegram,Let's meet tomorrow at the cafe.
2024-05-02 05:02:28,+918997248331,+918818826325,Signal,I'll bring the files tonight.
2025-01-04 09:41:25,+918510105052,+917615506012,Signal,Did you get the meeting invite?
2024-01-02 04:06:13,+917139253888,+918434594777,WeChat,Happy birthday! Have a great day.
2023-12-01 19:19:15,+917449023043,+919695264807,Telegram,Thanks for the help earlier.
2023-08-05 12:06:19,+919056765664,+916191690247,WhatsApp,Let's meet tomorrow at the cafe.
2024-09-06 03:54:00,+918153378554,+919149195180,WhatsApp,Split the money and send half via other wallet. foreign
2024-01-17 00:50:12,+916168407850,+917521194470,WhatsApp,Did you get the meeting invite?
2023-01-08 20:58:24,+918175131943,+919080173020,Messenger,Are you free this weekend?
2024-06-17 08:20:37,+919638204101,+916720357182,Telegram,We routed money through a foreign intermediary. money
2023-03-13 20:01:37,+919925850026,+919341057333,Telegram,Use this channel for the foreign transfer.
2024-09-15 12:16:38,+918011678485,+918704303896,WeChat,Happy birthday! Have a great day.
2023-05-15 03:59:41,+916675995259,+916553055300,Telegram,I'll bring the files tonight.
2024-07-17 06:00:29,+918046373322,+917261041746,Signal,Send the document when ready.
2023-10-20 23:19:34,+919563568706,+919568335566,WeChat,Happy birthday! Have a great day.
2023-10-15 05:30:02,+917080422351,+916033673033,Signal,I'll bring the files tonight.
2024-04-29 16:07:28,+917663279027,+916688912526,WhatsApp,See you at the usual place.
2025-01-04 21:21:49,+916556276703,+916170581037,WeChat,I'll bring the files tonight.
2025-01-18 15:17:45,+919684685541,+918390436377,Signal,Keep transfer details off-record. money
2023-03-08 10:17:54,+916799033211,+916957133782,Signal,I'll bring the files tonight.
2023-10-10 17:38:33,+917516487452,+918973741272,Signal,See you at the usual place.
2025-03-18 22:49:23,+919709610983,+919427401178,WeChat,Call me when you are free.
2024-02-01 12:07:13,+918822063393,+916119932194,WeChat,Can you review the code I pushed?
2024-12-02 06:18:12,+916568176298,+918142745036,Messenger,Let's meet tomorrow at the cafe.
2024-10-20 06:01:16,+917716746283,+918798684352,Signal,Let's meet tomorrow at the cafe.
2024-04-04 23:49:25,+918130707454,+916429903534,WhatsApp,I'll bring the files tonight.
2023-07-27 18:27:07,+918664256275,+917894982957,WeChat,See you at the usual place.
2025-07-11 18:22:43,+919935438479,+918248996945,WhatsApp,Happy birthday! Have a great day.
2024-11-04 16:35:04,+917106956950,+918528054762,Telegram,Thanks for the help earlier.
2023-12-24 23:39:48,+918410496947,+917075577006,Messenger,Are you free this weekend?
2023-03-19 16:01:37,+918282045269,+916207662803,Messenger,Happy birthday! Have a great day.
2025-02-07 18:57:00,+916642782584,+916343796144,WeChat,Send the document when ready.
2024-05-05 22:16:32,+917346560810,+916572610941,Messenger,Thanks for the help earlier.
2024-11-26 02:11:58,+918285453257,+917958928587,WeChat,Call me when you are free.
2023-04-28 21:28:10,+916259368848,+916106273043,WeChat,Thanks for the help earlier.
2024-01-22 04:43:41,+916342511622,+916770844695,Telegram,Call me when you are free.
2024-11-14 02:10:46,+918332190622,+918818550368,WeChat,Send the document when ready.
2023-06-29 06:11:47,+917216953263,+918512077604,WeChat,Can you review the code I pushed?
2023-03-04 20:17:22,+916742054484,+916327648316,Messenger,"Need to move the money, send instructions. foreign"
2025-05-16 13:43:28,+919833616842,+919829068528,Telegram,Received payment — confirm transfer of money. foreign
2025-06-17 00:36:33,+916454807410,+919803350155,Messenger,Send the document when ready.
2023-12-25 05:09:39,+917695874291,+916898482720,WeChat,Send the document when ready.
2025-06-23 14:25:43,+917330106672,+917832838386,WeChat,Is the foreign account ready for transfer?
2025-08-30 22:18:27,+916344820742,+919574519269,Messenger,Transfer  to this wallet address: 0xde0B295669a9FD93d5F28D9Ec85E40f4cb697BAe foreign urgent
2024-09-22 21:37:41,+919693038884,+916731682793,WeChat,Can you review the code I pushed?
2024-01-30 02:18:27,+917958915857,+918244875371,WhatsApp,Call me when you are free.
2024-02-11 01:45:19,+918757853239,+919882657272,Signal,Are you free this weekend?
2024-12-28 02:54:21,+919861407427,+917252652758,Messenger,Split the money and send half via other wallet. foreign
2024-11-25 03:37:54,+916807102805,+918528792923,WeChat,I'll bring the files tonight.
2023-12-03 02:03:21,+916969192058,+917488445376,WeChat,Mentioned the darknet contact for transfer. money
2023-06-19 08:01:36,+919255911001,+918051948550,WeChat,See you at the usual place.
2025-08-21 04:47:26,+918240624245,+917884333418,Telegram,Are you free this weekend?
2024-11-10 07:42:17,+916498636113,+918403638483,Telegram,Are you free this weekend?
2024-12-16 22:18:08,+919394971001,+919227478447,WeChat,I'll bring the files tonight.
2024-08-10 04:44:32,+916153692187,+916618273587,WhatsApp,I'll bring the files tonight.
2025-06-03 21:12:21,+919995481669,+919410272705,WhatsApp,Send the document when ready.
2024-08-19 14:01:41,+916607765605,+918874694158,Telegram,Call me when you are free.
2024-11-20 00:13:49,+919896369418,+918517730865,Messenger,Can you review the code I pushed?
2024-01-11 10:54:21,+918526032273,+918333352916,WeChat,Call me when you are free.
2024-02-16 04:52:58,+919440998579,+917839626562,Messenger,Is the foreign account ready for transfer? money
2024-01-06 16:13:43,+916064163087,+917458150033,Telegram,Let's meet tomorrow at the cafe.
2023-12-13 15:02:28,+918704640539,+919306584340,Telegram,Thanks for the help earlier.
2023-10-01 21:40:31,+916967079015,+919461118083,Telegram,Are you free this weekend?
2025-07-04 06:21:55,+916053726709,+917512065191,Telegram,I'll bring the files tonight.
2023-03-04 20:07:56,+917292112479,+917582289754,WeChat,I'll bring the files tonight.
2023-06-02 06:52:00,+919257748841,+918722452311,Messenger,Can you review the code I pushed?
2025-04-12 11:52:10,+919432665132,+918219153923,WeChat,Did you get the meeting invite?
2024-05-08 02:23:02,+916739962228,+919515989619,WeChat,Let's meet tomorrow at the cafe.
2024-09-19 20:40:48,+918733508874,+916519983137,Signal,Can you review the code I pushed?
2023-07-14 21:29:36,+919438718665,+917281913577,WeChat,I'll bring the files tonight.
2023-01-25 22:27:49,+918332169949,+918680181931,Signal,Let's meet tomorrow at the cafe.
2025-03-17 23:06:39,+917088913020,+916184215911,Signal,Send the document when ready.
2023-09-20 10:21:27,+917437775593,+918541055799,WhatsApp,Happy birthday! Have a great day.
2023-09-27 12:22:37,+917114849553,+917699054731,Signal,Are you free this weekend?
2023-10-30 23:53:20,+916619123089,+919938750692,WhatsApp,Split the money and send half via other wallet. transfer urgent
2023-11-16 19:18:08,+916956785174,+916075825710,Telegram,Are you free this weekend?
2023-10-14 23:04:04,+919449344691,+918155265433,WeChat,Are you free this weekend?
2023-03-30 02:37:51,+918428243618,+918673745036,WhatsApp,Did you get the meeting invite?
2024-02-01 08:47:40,+917458037143,+917425785950,Telegram,Keep transfer details off-record. urgent
2023-06-04 23:59:50,+917762561071,+918621055135,WhatsApp,Happy birthday! Have a great day.
2023-01-17 22:36:05,+918175445893,+919200296977,Signal,Mentioned the darknet contact for transfer. money
2023-11-27 07:44:48,+919017197438,+916525263731,WeChat,Are you free this weekend?
2024-09-24 00:59:31,+917871490404,+919515692369,Signal,Thanks for the help earlier.
2023-11-13 22:43:38,+919951502981,+919409620485,Telegram,Can you review the code I pushed?
2023-04-05 04:47:47,+916248922108,+919381343988,Messenger,Call me when you are free.
2024-04-13 23:17:09,+919135405784,+919205249532,Messenger,Happy birthday! Have a great day.
2025-06-06 09:10:49,+918697857211,+918668517008,WhatsApp,Happy birthday! Have a great day.
2024-05-30 00:26:08,+917249456619,+917765882231,WhatsApp,Happy birthday! Have a great day.
2024-08-29 04:32:10,+918422819684,+918025581907,WeChat,Are you free this weekend?
2023-07-17 20:42:43,+917516790990,+917822781278,WhatsApp,Are you free this weekend?
2025-02-25 03:38:07,+916961664248,+919235625792,WhatsApp,Transfer  to this wallet address: 3J98t1WpEZ73CNmQviecrnyiWrnqRhWNLy
2024-06-30 06:49:01,+916828973605,+916486303415,Signal,Call me when you are free.
2025-06-07 00:24:58,+916763869880,+916764434886,Messenger,Thanks for the help earlier.
2025-06-17 20:16:18,+918557265605,+917866622683,WhatsApp,See you at the usual place.
2023-03-05 09:35:13,+917684217249,+917371591319,Telegram,Happy birthday! Have a great day.
2025-09-09 23:04:28,+916196543080,+917460289394,WhatsApp,I'll bring the files tonight.
2024-03-29 20:02:03,+917394143640,+917744960183,WeChat,Happy birthday! Have a great day.
2023-04-25 02:54:59,+917905332914,+916300527939,WhatsApp,I'll bring the files tonight.
2023-09-09 20:39:26,+917415286941,+919200378073,WhatsApp,I'll bring the files tonight.
2025-06-05 05:18:49,+918210398941,+916978343562,WeChat,Are you free this weekend?
2024-05-02 19:45:22,+919452634669,+916514240987,Telegram,I'll bring the files tonight.
2023-02-21 16:01:45,+918640479702,+916747814339,WeChat,Let's meet tomorrow at the cafe.
2024-11-09 13:31:39,+916025566575,+917304803666,Telegram,We routed money through a foreign intermediary.
2023-08-27 18:51:23,+919931655349,+919078582549,Telegram,Send the document when ready.
2023-05-08 07:39:02,+918977291584,+918153440685,Telegram,Did you get the meeting invite?
2023-09-09 04:09:32,+918430986565,+917873586768,WeChat,See you at the usual place.
2024-10-03 03:25:48,+918849633149,+917351696483,WhatsApp,I'll bring the files tonight.
2023-04-01 09:16:07,+916535091316,+917390354662,WhatsApp,Happy birthday! Have a great day.
2024-12-09 20:29:24,+919710171963,+918042689913,WhatsApp,Split the money and send half via other wallet. money
2023-09-21 20:27:56,+918750152584,+918316080035,WhatsApp,Call me when you are free.
2023-08-05 11:44:21,+917650357206,+918554297973,WeChat,Let's meet tomorrow at the cafe.
2025-04-25 09:58:05,+919517246374,+917954771420,WeChat,Send the document when ready.
2023-03-23 22:01:21,+916072780405,+917529679182,WeChat,Use this channel for the foreign transfer. transfer
2023-02-16 07:23:01,+917609208885,+919218256710,Telegram,Can you review the code I pushed?
2023-05-04 19:41:04,+917718212175,+918506297718,Signal,Thanks for the help earlier.
2023-07-05 10:52:11,+919302212940,+918846903957,Messenger,Thanks for the help earlier.
2025-06-24 22:11:00,+918828131257,+916361844686,WhatsApp,We routed money through a foreign intermediary. transfer
2025-09-01 18:11:21,+919109662377,+918147005932,WeChat,Let's meet tomorrow at the cafe.
2025-03-27 22:22:49,+918797446698,+919660797185,Telegram,Transfer  to this wallet address: 0xde0B295669a9FD93d5F28D9Ec85E40f4cb697BAe foreign
2025-05-06 21:59:39,+916820590956,+919154664206,WhatsApp,Thanks for the help earlier.
2023-09-24 06:34:20,+916627022940,+918778648089,Signal,Did you get the meeting invite?
2023-01-17 04:50:54,+918707762420,+916390014072,Telegram,See you at the usual place.
2023-07-26 13:59:18,+917258762326,+919822710132,Signal,Let's meet tomorrow at the cafe.
2024-07-23 05:00:03,+918534438252,+918197896928,WhatsApp,Confirm the transfer and erase the logs. foreign
2023-10-14 07:59:17,+916781415963,+917044827164,Messenger,Let's meet tomorrow at the cafe.
2023-04-03 13:25:10,+918020045785,+917243604888,WhatsApp,Call me when you are free.
2025-05-14 21:45:14,+919303899272,+916866365770,Signal,Thanks for the help earlier.
2024-12-30 00:03:52,+918903217770,+916645437109,Telegram,Let's meet tomorrow at the cafe.
2023-03-13 13:42:40,+917239932232,+916252050828,WeChat,Received payment — confirm transfer of money. urgent
2025-05-30 02:31:37,+917345958609,+916986923363,WhatsApp,We routed money through a foreign intermediary. transfer
2023-12-10 13:11:32,+916090707274,+918986133087,Telegram,Received payment — confirm transfer of money.
2023-11-28 19:20:26,+918419246249,+918464015608,Signal,Thanks for the help earlier.
2024-01-22 01:37:36,+917611823260,+919662530119,Signal,I'll bring the files tonight.
2023-07-09 15:24:39,+919406241522,+916157416708,WeChat,Thanks for the help earlier.
2024-05-19 19:32:14,+918971616164,+917793288274,WhatsApp,Are you free this weekend?
2024-02-10 04:35:33,+916410801486,+917447667018,Telegram,Did you get the meeting invite?
2023-04-23 08:58:10,+918901745586,+919386061969,Messenger,Let's meet tomorrow at the cafe.
2023-11-30 10:02:08,+918420289147,+916737961212,Signal,Can you review the code I pushed?
2023-07-23 23:42:05,+916187070582,+916051960941,WeChat,Split the money and send half via other wallet.
2024-06-26 07:47:32,+917069548775,+919049720284,Signal,Received payment — confirm transfer of money. transfer
2024-08-31 16:37:32,+918541912530,+919167601270,Signal,Can you review the code I pushed?
2023-04-24 06:52:46,+918868378935,+918544837392,Telegram,"Need to move the money, send instructions."
2024-05-05 03:39:06,+917890883894,+918756150364,WeChat,Happy birthday! Have a great day.
2024-04-04 05:47:25,+919015071610,+919499574286,Telegram,I'll bring the files tonight.
2024-03-07 01:41:50,+919643437474,+917841517026,WeChat,Split the money and send half via other wallet. urgent
2024-09-13 13:11:37,+918809359067,+919009829910,Telegram,Send the document when ready.
2023-05-02 14:24:18,+919878710373,+917913512690,WeChat,Let's meet tomorrow at the cafe.
2023-06-30 22:42:09,+919903557024,+916577390302,Messenger,Can you review the code I pushed?
2024-01-27 20:37:05,+919654178208,+916494117653,Signal,Can you review the code I pushed?
2024-02-04 13:47:20,+919083619685,+916269534382,Signal,Send the document when ready.
2023-11-11 00:57:01,+919282562278,+918514472415,Messenger,Confirm the transfer and erase the logs. transfer
2024-08-17 11:19:30,+916089064243,+919329043076,Telegram,See you at the usual place.
2023-03-14 21:00:26,+919371381848,+919063514435,Signal,Call me when you are free.
2025-08-05 17:46:08,+917399132103,+919315662701,Telegram,I'll bring the files tonight.
2024-05-01 06:50:04,+916051529182,+918928199105,WhatsApp,I'll bring the files tonight.
2023-02-16 19:15:51,+916465775999,+918225359665,Telegram,Thanks for the help earlier.
2023-01-29 08:17:16,+919098759277,+919195495877,WhatsApp,I'll bring the files tonight.
2024-10-07 04:44:59,+919328203342,+917878574285,WhatsApp,Send the document when ready.
2023-05-27 12:36:49,+916225100293,+919960852185,Messenger,Are you free this weekend?
2025-03-24 23:43:55,+918823064936,+917761521794,Telegram,Let's meet tomorrow at the cafe.
2024-12-19 02:09:37,+918144901677,+917708197589,Signal,Call me when you are free.
2023-04-27 19:50:21,+917254326427,+917077598921,Telegram,Can you review the code I pushed?
2023-11-04 23:37:02,+917318795523,+916007275419,WeChat,Can you review the code I pushed?
2025-08-12 18:40:58,+918546495060,+917376554370,WhatsApp,Mentioned the darknet contact for transfer. foreign
2024-02-20 00:06:48,+916586430489,+919463149835,WeChat,Are you free this weekend?
2024-03-09 21:07:16,+919036832647,+918121005072,WeChat,Received payment — confirm transfer of money. transfer
2024-12-14 12:59:15,+919511733490,+917516955953,WhatsApp,See you at the usual place.
2023-04-26 01:01:03,+919867858694,+917190070807,WhatsApp,Thanks for the help earlier.
2023-03-17 07:19:25,+916347249527,+919641416012,Telegram,Call me when you are free.
2025-08-11 05:39:35,+916022503445,+917252714395,WeChat,I'll bring the files tonight.
2023-12-01 02:28:40,+916275530725,+916860745813,Telegram,Let's meet tomorrow at the cafe.
2024-07-05 07:40:57,+918376066489,+916802338724,Signal,Are you free this weekend?
2024-07-20 13:18:44,+916683102652,+919668499077,WeChat,Are you free this weekend?
2024-12-23 08:49:48,+916312667445,+918478294292,Signal,Can you review the code I pushed?
2023-04-27 20:06:26,+917542951118,+919651408093,Signal,Thanks for the help earlier.
2024-05-21 08:02:29,+918573047689,+916922546817,WeChat,Is the foreign account ready for transfer? foreign urgent
2024-04-22 06:26:00,+919067393741,+918391011414,Signal,Split the money and send half via other wallet. transfer
2025-08-15 05:48:43,+918700105737,+919719660715,WeChat,I'll bring the files tonight.
2023-04-05 19:47:26,+917856503629,+919042631684,Messenger,"Need to move the money, send instructions."
2024-07-23 09:25:40,+916479667508,+918463159471,WeChat,Let's meet tomorrow at the cafe.
2023-03-06 12:41:39,+919934313222,+916557783327,WeChat,Send the document when ready.
2023-02-09 04:37:19,+917564621457,+916701647246,Telegram,Confirm the transfer and erase the logs. urgent
2024-05-17 00:20:20,+917084931282,+919423606885,Messenger,See you at the usual place.
2023-05-20 22:42:53,+918083698555,+918264294190,Signal,Mentioned the darknet contact for transfer.
2023-05-22 22:27:55,+917758520021,+918291867833,WeChat,See you at the usual place.
2023-12-05 14:18:00,+916535181635,+916735345769,Messenger,Did you get the meeting invite?
2025-04-04 19:42:29,+919217572709,+916579931191,Signal,Happy birthday! Have a great day.
2025-06-05 13:50:13,+919623699745,+919371099318,Telegram,Thanks for the help earlier.
2023-10-19 23:18:44,+916477002704,+918587530597,Telegram,I'll bring the files tonight.
2023-10-10 05:15:29,+917088048880,+918821891993,Messenger,Happy birthday! Have a great day.
2024-09-03 10:26:16,+919626406710,+918953149406,WeChat,Let's meet tomorrow at the cafe.
2025-02-18 19:21:47,+917657397336,+919485530401,Telegram,I'll bring the files tonight.
2025-03-05 14:06:10,+916876968908,+916981683570,Messenger,Can you review the code I pushed?
2025-07-15 22:38:00,+917155050129,+919271906555,WeChat,Thanks for the help earlier.
2023-12-08 20:11:06,+916252935743,+917818300119,WhatsApp,Happy birthday! Have a great day.
2023-11-09 03:36:16,+916463758683,+918383484979,Telegram,Did you get the meeting invite?
2024-12-01 10:59:00,+917973724824,+919392517656,Signal,Did you get the meeting invite?
2025-09-13 23:20:59,+917692461078,+916090017446,Signal,Did you get the meeting invite?
2023-04-16 15:00:35,+916848610490,+918422816029,WeChat,Did you get the meeting invite?
2023-08-14 20:49:44,+918870633020,+918452289165,Signal,Call me when you are free.
2023-05-19 19:28:41,+919321743693,+918001041424,Signal,Thanks for the help earlier.
2023-10-11 08:57:27,+916033417157,+918085131791,WhatsApp,Let's meet tomorrow at the cafe.
2024-01-08 01:35:58,+917403230459,+916069264602,Messenger,Send the document when ready.
2023-03-06 22:20:17,+916808663446,+918416810297,Signal,Are you free this weekend?
2025-02-03 15:57:31,+919057763393,+918326459750,Signal,Let's meet tomorrow at the cafe.
2023-04-01 15:15:32,+916183884909,+919726805700,Telegram,See you at the usual place.
2023-10-14 14:22:56,+919052012912,+916520270385,Messenger,Send the document when ready.
2024-11-19 18:10:46,+919407108270,+919655362586,WeChat,Send the document when ready.
2025-04-12 09:35:56,+916826305102,+918848456412,WeChat,Can you review the code I pushed?
2024-04-21 22:27:14,+916567842737,+917892693392,WeChat,Call me when you are free.
2023-02-12 02:54:21,+919420505456,+916502355280,WeChat,Can you review the code I pushed?
2023-07-04 09:21:07,+916471697096,+918088099502,WeChat,Are you free this weekend?
2023-12-12 11:34:34,+916612456337,+917463035240,WeChat,Thanks for the help earlier.
2025-01-01 03:14:22,+917128665669,+918348641044,WhatsApp,Happy birthday! Have a great day.
2025-03-25 00:25:48,+916497462216,+916777754681,WeChat,Transfer  to this wallet address: 3J98t1WpEZ73CNmQviecrnyiWrnqRhWNLy foreign
2024-01-30 15:54:28,+919446684826,+918216899974,Signal,Did you get the meeting invite?
2023-08-17 10:22:44,+917507256675,+916229541787,Messenger,Happy birthday! Have a great day.
2024-03-10 22:25:12,+918451528959,+918415789275,WeChat,Thanks for the help earlier.
2023-04-13 18:04:52,+916937344873,+916292342142,WeChat,I'll bring the files tonight.
2024-03-24 17:00:59,+918938865811,+918326549008,WhatsApp,Call me when you are free.
2023-02-02 01:38:03,+917225911274,+916816725124,Signal,Use this channel for the foreign transfer. money
2024-03-12 08:03:34,+916508884165,+916297650523,WeChat,Let's meet tomorrow at the cafe.
2024-03-16 15:11:23,+919675735271,+916693076069,Messenger,"Need to move the money, send instructions. foreign"
2023-06-04 13:36:54,+916768256981,+917230830159,Telegram,I'll bring the files tonight.
2023-09-11 23:57:57,+919399686573,+917286966192,WhatsApp,Split the money and send half via other wallet. foreign urgent
2023-10-10 18:10:30,+916777192408,+916644780970,Telegram,Are you free this weekend?
2023-07-04 01:55:49,+917983056308,+917476846083,Telegram,Call me when you are free.
2023-02-08 22:27:51,+918731008648,+916400036403,WhatsApp,Let's meet tomorrow at the cafe.
2023-11-04 18:20:11,+918918872778,+918993608741,WeChat,"Need to move the money, send instructions. foreign"
2023-12-03 20:58:23,+916823777782,+918484430617,WeChat,Call me when you are free.
2024-11-25 01:51:55,+919610320298,+919002557053,Telegram,Is the foreign account ready for transfer? money
2023-05-11 21:08:29,+918740604535,+919202680096,Signal,Happy birthday! Have a great day.
2024-04-26 14:46:53,+919507678459,+916827186041,Messenger,Happy birthday! Have a great day.
2024-07-25 14:26:11,+919890298573,+919534117568,Signal,Are you free this weekend?
2024-04-27 21:14:13,+916495941086,+919856291715,WhatsApp,Can you review the code I pushed?
2023-11-03 20:02:51,+918882077479,+919538183511,Messenger,Call me when you are free.
2023-12-08 04:32:42,+919908899609,+917766435617,Signal,Are you free this weekend?
2024-08-23 19:04:34,+919348668725,+917628455115,Messenger,Use this channel for the foreign transfer.
2023-11-11 00:00:14,+919167890426,+916642040151,WeChat,Happy birthday! Have a great day.
2024-02-14 02:46:54,+919399948722,+916911577129,WeChat,Call me when you are free.
2023-12-08 22:53:10,+918037729235,+918038192223,Messenger,Did you get the meeting invite?
2024-12-16 08:47:52,+916290794975,+918764839632,WeChat,Happy birthday! Have a great day.
2023-10-01 07:53:00,+916685696050,+918756406324,WeChat,Thanks for the help earlier.
2024-12-23 16:59:05,+916752496334,+916151409168,WhatsApp,See you at the usual place.
2024-05-04 04:45:51,+919671865080,+918558412362,WhatsApp,Can you review the code I pushed?
2025-02-14 16:24:41,+918035487321,+917955968558,WeChat,Did you get the meeting invite?
2025-03-15 16:39:05,+918920184406,+919379864739,WhatsApp,Are you free this weekend?
2024-07-24 23:43:09,+917823159636,+918958373795,Telegram,Send the document when ready.
2025-04-19 23:32:09,+918217714602,+918452560236,Telegram,Are you free this weekend?
2023-05-28 03:13:37,+918258531042,+918427327155,Signal,I'll bring the files tonight.
2024-01-10 01:22:01,+918456280116,+919888457511,Messenger,Send the document when ready.
2023-08-24 02:52:54,+918033386899,+918946424351,Telegram,Keep transfer details off-record. foreign
2023-05-28 09:38:46,+917629451880,+917320767930,Telegram,Received payment — confirm transfer of money.
2025-04-27 00:07:24,+917982324760,+918842834811,Telegram,Are you free this weekend?
2024-08-26 10:31:21,+919444472405,+919543979750,Signal,Are you free this weekend?
2023-10-18 13:41:09,+917645249825,+918765121500,WeChat,Split the money and send half via other wallet. money
2025-05-16 12:30:23,+918816282311,+917389133132,Telegram,Call me when you are free.
2024-02-16 02:29:41,+917164286206,+916304282381,WeChat,Are you free this weekend?
2023-02-12 11:46:35,+917596659931,+918845656437,WhatsApp,I'll bring the files tonight.
2023-02-01 16:30:25,+919722936373,+916227406441,Telegram,"Need to move the money, send instructions. money urgent"
2023-02-08 01:36:46,+916417382190,+919380686914,Telegram,See you at the usual place.
2024-02-14 23:09:58,+917746475466,+916160147834,Messenger,Keep transfer details off-record. transfer
2023-12-31 11:11:43,+916429780421,+918054045927,WhatsApp,Call me when you are free.
2023-03-27 01:37:45,+919069301690,+917662743620,Telegram,Let's meet tomorrow at the cafe.
2024-07-16 11:51:49,+919753677974,+916003605095,WhatsApp,Confirm the transfer and erase the logs. money
2025-04-19 09:11:05,+918275784115,+919723352304,Messenger,Are you free this weekend?
2024-12-01 15:11:11,+919406204142,+919569646625,Messenger,Send the document when ready.
2024-07-21 21:35:51,+919765540384,+916328075385,Telegram,Thanks for the help earlier.
2023-12-24 02:23:06,+919176000724,+917850701861,WeChat,Did you get the meeting invite?
2025-01-11 19:38:14,+916736176856,+916212635709,Telegram,Split the money and send half via other wallet. foreign
2024-03-07 20:44:24,+916482514609,+919292075521,Messenger,Are you free this weekend?
2023-04-28 22:28:26,+918613129285,+917173776302,Telegram,Thanks for the help earlier.
2024-12-07 15:19:55,+918454161715,+919973790926,WeChat,I'll bring the files tonight.
2024-07-16 05:57:35,+919299989282,+916939626448,WhatsApp,Can you review the code I pushed?
2023-11-03 23:42:37,+919287824242,+917286984858,Messenger,See you at the usual place.
2023-05-23 13:35:30,+919677692542,+919742853967,WeChat,Are you free this weekend?
2024-11-26 09:18:30,+918811015135,+916226861178,Messenger,Is the foreign account ready for transfer?
2025-02-03 11:31:39,+918314058610,+917823755131,WeChat,Call me when you are free.
2024-03-01 21:02:10,+919958478237,+918839213492,WeChat,Received payment — confirm transfer of money. money urgent
2023-03-15 18:03:36,+916331261355,+916816150272,WhatsApp,I'll bring the files tonight.
2023-01-11 20:35:14,+919490485264,+919716107374,Signal,Did you get the meeting invite?
2025-03-10 08:31:01,+919428893782,+916930617178,Telegram,Happy birthday! Have a great day.
2025-06-07 19:54:06,+918069908091,+919141311053,WeChat,Thanks for the help earlier.
2023-08-01 04:43:13,+918207745966,+917168090743,Signal,Thanks for the help earlier.
2023-09-24 23:11:37,+919403929392,+919468502658,Signal,Let's meet tomorrow at the cafe.
2023-02-03 00:22:12,+917539474198,+916319493467,Messenger,Send the document when ready.
2023-07-31 09:03:33,+916943325953,+917482070683,Signal,Let's meet tomorrow at the cafe.
2025-01-03 11:41:33,+917648912785,+918731563061,Telegram,We routed money through a foreign intermediary.
2024-02-12 12:06:48,+916615808407,+918038601633,Signal,Did you get the meeting invite?
2024-02-04 00:08:26,+917663984612,+917110105986,WhatsApp,I'll bring the files tonight.
2025-01-20 12:55:47,+918568048324,+919100918173,Signal,Confirm the transfer and erase the logs. foreign
2024-03-17 12:16:29,+918245154316,+918516971108,WeChat,Call me when you are free.
2024-09-03 06:38:54,+916356875993,+916637094327,Signal,Send the document when ready.
2025-07-10 09:03:46,+917945845008,+919393550164,WhatsApp,Are you free this weekend?
2025-09-12 18:28:14,+917903094448,+919916788564,WeChat,Did you get the meeting invite?
2024-08-23 10:46:23,+916483419334,+916839564432,WeChat,Can you review the code I pushed?
2023-06-12 17:19:19,+916619708325,+918112841567,WeChat,See you at the usual place.
2024-02-08 19:00:14,+919784545549,+918835268982,WhatsApp,Can you review the code I pushed?
2023-01-15 12:50:14,+917294188245,+919713218352,WeChat,Send the document when ready.
2023-06-28 21:14:47,+916051252024,+918198661588,WhatsApp,Are you free this weekend?
2025-04-24 02:22:19,+916883476664,+916313118971,Telegram,Send the document when ready.
2024-05-14 04:53:22,+918864211422,+916546897576,Signal,Can you review the code I pushed?
2023-06-04 01:01:14,+916145475742,+918578815648,Signal,Let's meet tomorrow at the cafe.
2023-09-10 15:21:46,+918330104621,+917148029549,WhatsApp,Can you review the code I pushed?
2024-10-08 08:08:55,+917697057962,+917062880193,Signal,Can you review the code I pushed?
2025-07-01 07:38:16,+916245394196,+918372631911,Messenger,Send the document when ready.
2023-07-07 14:23:17,+918598293206,+918765482241,WeChat,Use this channel for the foreign transfer.
2025-01-25 13:08:01,+916870941235,+917939425438,Telegram,Send the document when ready.
2024-04-08 23:22:55,+919548130004,+919865950372,Signal,Thanks for the help earlier.
2023-02-10 05:35:10,+916838429085,+919481406808,WhatsApp,Can you review the code I pushed?
2023-02-26 13:35:26,+919361894601,+918905604063,WeChat,Received payment — confirm transfer of money. foreign
2025-03-08 19:07:53,+917812291047,+919097963487,Telegram,Call me when you are free.
2025-08-10 17:46:09,+917767370732,+916380644223,Messenger,Happy birthday! Have a great day.
2024-07-28 14:26:54,+918767687713,+919678373974,Telegram,Can you review the code I pushed?
2024-08-03 12:37:33,+919200312950,+918147583833,Signal,Let's meet tomorrow at the cafe.
2024-04-12 11:46:14,+917915214637,+917047012172,Telegram,Happy birthday! Have a great day.
2024-01-03 15:09:50,+916782151468,+916644857937,Signal,"Need to move the money, send instructions. transfer"
2025-09-09 19:12:44,+916410019151,+919717433393,Signal,I'll bring the files tonight.
2023-09-10 20:28:03,+916352205617,+917037737203,Signal,Can you review the code I pushed?
2023-08-31 06:26:42,+919211686200,+916321563225,WeChat,Let's meet tomorrow at the cafe.
2025-06-11 22:05:35,+917271288287,+918894214036,WhatsApp,Keep transfer details off-record.
2025-04-07 07:34:29,+916165810449,+917334261001,Telegram,Are you free this weekend?
2023-11-18 15:22:10,+918245693453,+916164429296,WeChat,Use this channel for the foreign transfer. money
2024-11-23 01:24:40,+919275449278,+918645006645,WhatsApp,Mentioned the darknet contact for transfer. foreign
2024-01-30 19:59:56,+917026318468,+919373452998,WhatsApp,See you at the usual place.
2023-01-31 07:51:40,+918241250278,+917446070459,WhatsApp,Happy birthday! Have a great day.
2024-11-08 14:49:00,+917266590415,+916727258505,Messenger,Transfer  to this wallet address: 1A1zP1eP5QGefi2DMPTfTL5SLmv7DivfNa
2024-03-16 00:39:00,+919629704435,+919817840588,Messenger,Are you free this weekend?
2024-12-21 15:05:37,+918163243032,+919270212579,Signal,Thanks for the help earlier.
2024-03-05 04:33:01,+918218437649,+919144652719,Messenger,Let's meet tomorrow at the cafe.
2024-07-25 01:02:26,+918002625008,+919243089563,Messenger,Happy birthday! Have a great day.
2024-05-31 01:47:39,+918248081176,+919596666537,Telegram,Are you free this weekend?
2023-04-08 02:00:18,+916011481853,+918283479766,Telegram,Are you free this weekend?
2025-02-08 08:33:51,+917974254202,+919445279092,WhatsApp,Send the document when ready.
2025-02-14 12:27:10,+916997755750,+916514546904,WhatsApp,Happy birthday! Have a great day.
2025-03-26 02:45:09,+916499863476,+919057414473,Messenger,Send the document when ready.
2024-01-29 03:48:11,+919368792491,+917727631050,Messenger,Can you review the code I pushed?
2024-01-14 15:08:02,+917449189777,+918126556539,Signal,We routed money through a foreign intermediary. foreign
2024-02-22 15:14:54,+916382230586,+917453757992,Signal,Thanks for the help earlier.
2024-05-16 23:38:17,+917134085568,+918727617059,WeChat,I'll bring the files tonight.
2025-07-13 03:37:52,+919155374300,+919082488319,Signal,Let's meet tomorrow at the cafe.
2024-11-16 04:11:44,+918818197375,+916072654896,Messenger,See you at the usual place.
2024-03-02 18:40:55,+916360973185,+916046716440,WeChat,Call me when you are free.
2024-12-25 16:19:33,+919247153883,+916176147615,Telegram,Send the document when ready.
2024-06-02 19:55:34,+916859753976,+919238995794,Telegram,Use this channel for the foreign transfer. foreign
2025-05-31 00:49:36,+916691301434,+916822337234,WhatsApp,Confirm the transfer and erase the logs. transfer urgent
2024-09-25 11:58:37,+916808626444,+919124264494,Messenger,Let's meet tomorrow at the cafe.
2024-05-24 11:40:18,+916669979604,+917937823564,Messenger,Call me when you are free.
2023-12-28 08:44:35,+919163596524,+917610622952,WeChat,Thanks for the help earlier.
2023-04-28 18:49:39,+916257816637,+919780551836,Telegram,Let's meet tomorrow at the cafe.
2023-03-20 10:22:04,+917067480968,+917454079875,Telegram,Let's meet tomorrow at the cafe.
2023-02-24 10:32:23,+918640522696,+918999814917,Telegram,Is the foreign account ready for transfer? urgent
2024-02-23 03:20:08,+918564722105,+916377612266,WhatsApp,Thanks for the help earlier.
2025-02-28 11:10:26,+919333871013,+918806778971,Messenger,See you at the usual place.
2025-06-04 05:30:13,+916885870541,+917113059774,Signal,Thanks for the help earlier.
2025-05-12 07:04:47,+919166216324,+919444130998,Messenger,Send the document when ready.
2023-01-02 11:28:28,+917000615046,+917637507396,Messenger,Is the foreign account ready for transfer? urgent
2024-10-17 23:38:52,+919578991931,+917465931516,WeChat,Happy birthday! Have a great day.
2024-10-27 18:28:30,+917919759148,+919971478932,Telegram,Call me when you are free.
2024-08-26 11:23:21,+916538052082,+917941380195,Signal,Can you review the code I pushed?
2023-06-07 13:07:56,+919432576223,+917951523506,Signal,I'll bring the files tonight.
2024-05-17 22:40:29,+916674227543,+917657913417,Signal,Let's meet tomorrow at the cafe.
2024-09-25 16:53:42,+919802420641,+918509023055,WhatsApp,Keep transfer details off-record.
2025-01-19 14:39:58,+919649179348,+919014839245,WhatsApp,Send the document when ready.
2023-02-19 18:35:29,+917927145831,+917988029308,Signal,Let's meet tomorrow at the cafe.
2025-06-09 10:48:24,+916204907732,+916351796798,WhatsApp,Did you get the meeting invite?
2025-05-17 14:33:52,+916146161047,+916508250498,Messenger,Can you review the code I pushed?
2024-07-24 23:07:53,+916403452882,+919042874586,Messenger,Mentioned the darknet contact for transfer. transfer
2023-06-07 07:06:36,+917200522851,+918505559954,Telegram,Split the money and send half via other wallet. foreign urgent
2025-05-25 00:47:46,+919159449902,+918449609995,Telegram,I'll bring the files tonight.
2024-12-13 18:44:26,+917383146204,+916101022850,WeChat,See you at the usual place.
2024-03-04 00:06:30,+919869548488,+917826016627,WhatsApp,Did you get the meeting invite?
2023-11-02 21:22:36,+916605377181,+918266987082,Telegram,Can you review the code I pushed?
2025-05-03 15:34:38,+918605461214,+919453956908,Signal,Call me when you are free.
2024-06-16 01:28:43,+918344946542,+917655135044,Signal,I'll bring the files tonight.
2024-04-03 01:41:41,+919385745418,+919905390988,Signal,Send the document when ready.
2023-02-04 08:21:56,+916169652112,+917140472645,WhatsApp,Did you get the meeting invite?
2023-10-01 09:53:44,+919783053809,+918732657093,WeChat,Let's meet tomorrow at the cafe.
2025-05-11 23:19:42,+919382803812,+917718995857,Telegram,We routed money through a foreign intermediary. foreign urgent
2023-02-22 12:57:11,+916976127028,+916749900064,Signal,Are you free this weekend?
2023-09-28 19:59:56,+918414108708,+918693866766,WhatsApp,Did you get the meeting invite?
2023-02-05 06:56:04,+917705731624,+916356877166,Signal,Use this channel for the foreign transfer. transfer
2024-12-08 12:26:55,+916684578284,+918889491487,Signal,Let's meet tomorrow at the cafe.
2024-12-22 05:27:21,+917944600739,+916791973653,Signal,Is the foreign account ready for transfer? foreign
2023-11-09 21:57:35,+917814442908,+916530018625,WhatsApp,I'll bring the files tonight.
2023-06-10 23:38:38,+919708844460,+917220071553,Signal,Let's meet tomorrow at the cafe.
2023-10-06 02:53:33,+918634057555,+917292674287,WhatsApp,Mentioned the darknet contact for transfer.
2023-09-11 22:46:44,+916154065794,+919849990222,WhatsApp,See you at the usual place.
2023-01-09 03:05:20,+918684442792,+917929627614,Signal,Thanks for the help earlier.
2023-08-19 17:02:10,+916427847656,+918081501960,Messenger,Did you get the meeting invite?
2025-09-20 05:39:45,+918411659580,+919002896536,Signal,Is the foreign account ready for transfer? foreign
2024-04-16 17:54:04,+917170787655,+916268258223,WhatsApp,Received payment — confirm transfer of money.
2024-06-30 09:30:41,+918788837718,+917799057732,WhatsApp,Did you get the meeting invite?
2023-12-30 16:12:27,+917571853603,+919184536452,Messenger,I'll bring the files tonight.
2025-02-01 02:12:00,+917860943892,+919070256899,Messenger,Are you free this weekend?
2023-04-30 15:38:39,+916814620441,+916939738238,WeChat,Did you get the meeting invite?
2023-07-26 06:51:37,+918392181326,+918991574914,Signal,Did you get the meeting invite?
2023-05-30 00:26:09,+916019248358,+917626191658,Messenger,Thanks for the help earlier.
2024-01-04 08:25:24,+917220857541,+919065232930,Messenger,Use this channel for the foreign transfer. urgent
2025-05-25 09:42:39,+918157828072,+917422490316,WeChat,I'll bring the files tonight.
2023-07-05 05:22:46,+919146990329,+919865307242,WhatsApp,Can you review the code I pushed?
2025-07-12 19:01:09,+917952391954,+917418422556,Messenger,Did you get the meeting invite?
2023-03-11 09:43:13,+916213235227,+917842173020,WhatsApp,Let's meet tomorrow at the cafe.
2024-09-06 04:20:22,+918781266804,+916966983235,Signal,Can you review the code I pushed?
2024-05-15 10:52:58,+918638070944,+916975954031,Telegram,Let's meet tomorrow at the cafe.
2024-06-02 18:06:57,+916467854516,+917314962507,WeChat,Split the money and send half via other wallet. money
2025-06-30 12:44:57,+916683275086,+917593002482,Signal,Let's meet tomorrow at the cafe.
2023-06-06 15:23:14,+916869135589,+917617988623,WeChat,Are you free this weekend?
2023-04-25 22:45:56,+918811299409,+917371495421,WeChat,Happy birthday! Have a great day.
2023-01-06 13:22:39,+918312224641,+918981132248,Messenger,Did you get the meeting invite?
2024-10-03 23:06:11,+919836822875,+917069191634,WhatsApp,Thanks for the help earlier.
2024-05-25 09:49:06,+919044834512,+917244246874,Messenger,Is the foreign account ready for transfer?
2025-06-27 19:49:09,+916614870966,+917603027971,WhatsApp,Let's meet tomorrow at the cafe.
2025-05-20 13:12:14,+919989003615,+918534037815,Messenger,Call me when you are free.
2024-12-15 07:36:00,+919132549141,+918617816574,Messenger,Thanks for the help earlier.
2024-06-20 21:36:20,+918331322875,+918262702230,WhatsApp,I'll bring the files tonight.
2024-12-26 10:59:43,+919814267471,+918047205221,Signal,Transfer  to this wallet address: 0xde0B295669a9FD93d5F28D9Ec85E40f4cb697BAe transfer urgent
2024-10-23 02:38:58,+919043892913,+918990524159,Signal,Happy birthday! Have a great day.
2024-03-08 13:54:00,+917833313030,+916632612590,WhatsApp,Happy birthday! Have a great day.
2023-02-15 02:26:08,+919238164275,+919391396827,Signal,"Need to move the money, send instructions. foreign"
2024-03-12 09:06:20,+919391745364,+916268700236,Signal,Can you review the code I pushed?
2023-09-12 11:10:06,+916028661629,+918851428860,Signal,Did you get the meeting invite?
2024-05-31 05:01:15,+919463208799,+918058644648,Messenger,Happy birthday! Have a great day.
2024-05-05 21:31:21,+918616055968,+919697008580,Telegram,Transfer  to this wallet address: bc1qw508d6qejxtdg4y5r3zarvary0c5xw7kygt080 money
2024-10-11 14:35:31,+918779432212,+917406421840,Messenger,Mentioned the darknet contact for transfer. urgent
2024-02-11 00:32:30,+919280774583,+917320702203,WhatsApp,Call me when you are free.
2024-11-11 00:27:27,+919136442556,+918931850267,Telegram,Let's meet tomorrow at the cafe.
2024-02-13 14:16:08,+918928922462,+916004037395,WhatsApp,Is the foreign account ready for transfer? urgent
2024-02-01 05:50:12,+917832673181,+919638153430,WeChat,Call me when you are free.
2025-04-25 09:16:32,+918620311513,+917657009443,WeChat,Can you review the code I pushed?
2024-03-17 08:23:13,+917541435553,+916680262627,WeChat,Let's meet tomorrow at the cafe.
2025-05-11 14:58:53,+919488802955,+919703747609,Telegram,Happy birthday! Have a great day.
2025-02-12 02:11:14,+918999444960,+916555461908,WhatsApp,Send the document when ready.
2025-07-11 17:02:57,+916270452175,+919052534896,WhatsApp,Send the document when ready.
2024-03-23 04:15:27,+918318224093,+916589040914,WhatsApp,Confirm the transfer and erase the logs.
2023-11-30 06:21:11,+916976656245,+917626707309,Messenger,"Need to move the money, send instructions. foreign"
2024-09-23 07:11:15,+917571393919,+917180737125,Telegram,Use this channel for the foreign transfer.
2023-02-25 23:42:37,+918441655835,+917227467152,Telegram,We routed money through a foreign intermediary. transfer
2024-07-03 12:25:03,+917091990054,+916484966640,WeChat,Are you free this weekend?
2023-04-28 06:14:12,+919634795044,+917667642497,WhatsApp,Did you get the meeting invite?
2025-02-16 15:25:20,+919666957817,+917132582525,Telegram,Use this channel for the foreign transfer. money
2024-08-29 03:17:58,+919022342488,+916967396991,Messenger,Let's meet tomorrow at the cafe.
2024-12-23 11:48:26,+917325987003,+918464440631,Signal,I'll bring the files tonight.
2024-11-24 17:15:05,+919527456812,+917356160577,Signal,Can you review the code I pushed?
2025-07-04 01:01:55,+916637311988,+916439229040,Telegram,Can you review the code I pushed?
2023-09-29 07:04:14,+916197727134,+917504397314,WhatsApp,Thanks for the help earlier.
2024-12-08 18:23:45,+917408595486,+917364182599,WeChat,Are you free this weekend?
2024-09-24 22:07:15,+918230609518,+917946416231,WeChat,See you at the usual place.
2025-02-22 09:29:45,+918166004453,+918090952991,Messenger,Can you review the code I pushed?
2023-04-18 00:42:39,+917482929283,+917789361036,Signal,See you at the usual place.
2023-08-16 22:13:25,+916105696157,+917908433947,Telegram,Can you review the code I pushed?
2024-11-04 08:27:42,+919472800340,+919042575120,Telegram,Let's meet tomorrow at the cafe.
2024-05-30 00:47:28,+916841052710,+918325752366,WeChat,I'll bring the files tonight.
2023-08-24 14:10:04,+919499042742,+919169304115,Telegram,Use this channel for the foreign transfer. money
2025-09-01 16:55:13,+918044323901,+919838609030,Messenger,Can you review the code I pushed?
2025-04-03 23:38:51,+917934280148,+917745136831,Signal,Send the document when ready.
2024-12-30 04:18:15,+917375047011,+916064948477,WeChat,Thanks for the help earlier.
2023-10-15 12:18:05,+916851805091,+918770021192,Telegram,See you at the usual place.
2025-01-26 00:15:40,+917222145349,+916287611824,WeChat,Are you free this weekend?
2025-04-08 16:04:14,+916084356538,+918191858110,Messenger,Thanks for the help earlier.
2024-07-25 06:32:27,+917417595972,+916517804246,Messenger,Send the document when ready.
2025-06-30 07:43:23,+918844394842,+919589549225,Signal,Are you free this weekend?
2025-04-29 10:52:16,+917775002655,+918411294230,WhatsApp,Call me when you are free.
2025-08-28 14:01:44,+919779776991,+919522868805,WhatsApp,See you at the usual place.
2025-02-12 08:04:37,+918883223220,+917684329740,Telegram,Send the document when ready.
2024-01-08 17:14:38,+918786439955,+916782834474,Signal,Can you review the code I pushed?
2024-01-28 19:15:01,+919154176542,+918577292019,WhatsApp,Can you review the code I pushed?
2025-06-09 04:55:34,+917189232517,+918634802703,Messenger,Can you review the code I pushed?
2024-02-28 12:07:48,+918106801613,+916780977054,WhatsApp,See you at the usual place.
2025-03-15 14:19:19,+919485814186,+919268736237,Messenger,Call me when you are free.
2023-07-24 23:45:17,+916416603904,+919678008097,Signal,I'll bring the files tonight.
2023-12-25 06:58:36,+919833279531,+917441200730,Telegram,Happy birthday! Have a great day.
2024-05-27 05:12:45,+916256982824,+916790540152,WhatsApp,Send the document when ready.
