id,filename,size_kb,timestamp,location
1,file_0.jpg,1145,2025-12-09 21:22:24,Chennai
2,file_1.jpg,320,2025-09-20 02:05:25,Chennai
3,file_2.jpg,4723,2024-12-26 23:38:00,Delhi
4,file_3.jpg,3611,2023-05-29 14:10:57,Bengaluru
5,file_4.jpg,1588,2023-02-25 01:28:48,Bengaluru
6,file_5.jpg,2781,2023-08-20 18:25:56,Hyderabad
7,file_6.jpg,2864,2025-04-13 13:07:00,Bengaluru
8,file_7.jpg,2379,2025-04-03 10:49:05,Bengaluru
9,file_8.jpg,2166,2025-07-03 05:27:31,Bengaluru
10,file_9.jpg,258,2025-03-31 04:21:27,Delhi
