id,name,phone,email
1,Ayesha Verma,+918691864041,user0@example.com
2,Kiran Reddy,+917889238423,user1@example.com
3,Anil Reddy,+917007142260,user2@example.com
4,Ayesha Nair,+917373142116,user3@example.com
5,Pooja Sharma,+916594312071,user4@example.com
6,Sunita Gupta,+917645124051,user5@example.com
7,Sunita Gupta,+916275860817,user6@example.com
8,Deepak Yadav,+917421124738,user7@example.com
9,Pooja Verma,+917785736751,user8@example.com
10,Ravi Gupta,+919577240334,user9@example.com
11,Deepak Yadav,+919886251649,user10@example.com
12,Arjun Kumar,+919679636056,user11@example.com
13,Arjun Yadav,+918048612358,user12@example.com
14,Ravi Nair,+917282531582,user13@example.com
15,Deepak Yadav,+918311639723,user14@example.com
16,Pooja Gupta,+918096929657,user15@example.com
17,Kiran Reddy,+917871901278,user16@example.com
18,Ramesh Kumar,+917670128972,user17@example.com
19,Mohit Yadav,+919110335359,user18@example.com
20,Sunita Verma,+919949401194,user19@example.com
